,epoch,test_losses,train_losses,test_accuracies,train_accuracies,train_synth_ratio,transform,sim_num,category
0,0,0.8643459275364875,0.9518197644756087,0.53828125,0.5563352826510721,NonDemented1.0_0.0__VeryMildDemented1.0_0.0__MildDemented1.0_0.0__ModerateDemented1.0_0.2,minimal,0,minimal_NonDemented1.0_0.0__VeryMildDemented1.0_0.0__MildDemented1.0_0.0__ModerateDemented1.0_0.2
1,1,0.44857725976035,0.5730242299057586,0.7953125,0.7594541910331384,NonDemented1.0_0.0__VeryMildDemented1.0_0.0__MildDemented1.0_0.0__ModerateDemented1.0_0.2,minimal,0,minimal_NonDemented1.0_0.0__VeryMildDemented1.0_0.0__MildDemented1.0_0.0__ModerateDemented1.0_0.2
2,2,0.2027915843995288,0.17569183291282803,0.9265625,0.937037037037037,NonDemented1.0_0.0__VeryMildDemented1.0_0.0__MildDemented1.0_0.0__ModerateDemented1.0_0.2,minimal,0,minimal_NonDemented1.0_0.0__VeryMildDemented1.0_0.0__MildDemented1.0_0.0__ModerateDemented1.0_0.2
3,3,0.14718922152969754,0.05487034711024595,0.95625,0.9810916179337232,NonDemented1.0_0.0__VeryMildDemented1.0_0.0__MildDemented1.0_0.0__ModerateDemented1.0_0.2,minimal,0,minimal_NonDemented1.0_0.0__VeryMildDemented1.0_0.0__MildDemented1.0_0.0__ModerateDemented1.0_0.2
4,4,0.16356064117426286,0.020122415927142544,0.946875,0.9939571150097466,NonDemented1.0_0.0__VeryMildDemented1.0_0.0__MildDemented1.0_0.0__ModerateDemented1.0_0.2,minimal,0,minimal_NonDemented1.0_0.0__VeryMildDemented1.0_0.0__MildDemented1.0_0.0__ModerateDemented1.0_0.2
5,5,0.11548479339489859,0.012019620806745346,0.97421875,0.9957115009746589,NonDemented1.0_0.0__VeryMildDemented1.0_0.0__MildDemented1.0_0.0__ModerateDemented1.0_0.2,minimal,0,minimal_NonDemented1.0_0.0__VeryMildDemented1.0_0.0__MildDemented1.0_0.0__ModerateDemented1.0_0.2
6,6,0.12803086129331404,0.0018483060890889602,0.971875,1.0,NonDemented1.0_0.0__VeryMildDemented1.0_0.0__MildDemented1.0_0.0__ModerateDemented1.0_0.2,minimal,0,minimal_NonDemented1.0_0.0__VeryMildDemented1.0_0.0__MildDemented1.0_0.0__ModerateDemented1.0_0.2
7,7,0.15255617404036456,0.042877322579372074,0.9609375,0.9855750487329434,NonDemented1.0_0.0__VeryMildDemented1.0_0.0__MildDemented1.0_0.0__ModerateDemented1.0_0.2,minimal,0,minimal_NonDemented1.0_0.0__VeryMildDemented1.0_0.0__MildDemented1.0_0.0__ModerateDemented1.0_0.2
8,8,0.1316609719324333,0.04370264707325611,0.965625,0.9851851851851852,NonDemented1.0_0.0__VeryMildDemented1.0_0.0__MildDemented1.0_0.0__ModerateDemented1.0_0.2,minimal,0,minimal_NonDemented1.0_0.0__VeryMildDemented1.0_0.0__MildDemented1.0_0.0__ModerateDemented1.0_0.2
9,9,0.1052438921604562,0.0016576522266397845,0.978125,0.9998050682261208,NonDemented1.0_0.0__VeryMildDemented1.0_0.0__MildDemented1.0_0.0__ModerateDemented1.0_0.2,minimal,0,minimal_NonDemented1.0_0.0__VeryMildDemented1.0_0.0__MildDemented1.0_0.0__ModerateDemented1.0_0.2
10,10,0.10435463114981189,0.00014144528955746237,0.978125,1.0,NonDemented1.0_0.0__VeryMildDemented1.0_0.0__MildDemented1.0_0.0__ModerateDemented1.0_0.2,minimal,0,minimal_NonDemented1.0_0.0__VeryMildDemented1.0_0.0__MildDemented1.0_0.0__ModerateDemented1.0_0.2
11,11,0.104654046265739,5.8201604899745806e-05,0.98046875,1.0,NonDemented1.0_0.0__VeryMildDemented1.0_0.0__MildDemented1.0_0.0__ModerateDemented1.0_0.2,minimal,0,minimal_NonDemented1.0_0.0__VeryMildDemented1.0_0.0__MildDemented1.0_0.0__ModerateDemented1.0_0.2
12,12,0.10587217979400805,3.644104113494937e-05,0.9796875,1.0,NonDemented1.0_0.0__VeryMildDemented1.0_0.0__MildDemented1.0_0.0__ModerateDemented1.0_0.2,minimal,0,minimal_NonDemented1.0_0.0__VeryMildDemented1.0_0.0__MildDemented1.0_0.0__ModerateDemented1.0_0.2
13,13,0.10864789556620166,2.602471945793353e-05,0.9796875,1.0,NonDemented1.0_0.0__VeryMildDemented1.0_0.0__MildDemented1.0_0.0__ModerateDemented1.0_0.2,minimal,0,minimal_NonDemented1.0_0.0__VeryMildDemented1.0_0.0__MildDemented1.0_0.0__ModerateDemented1.0_0.2
14,14,0.1103610319314896,1.919070857625575e-05,0.98046875,1.0,NonDemented1.0_0.0__VeryMildDemented1.0_0.0__MildDemented1.0_0.0__ModerateDemented1.0_0.2,minimal,0,minimal_NonDemented1.0_0.0__VeryMildDemented1.0_0.0__MildDemented1.0_0.0__ModerateDemented1.0_0.2
15,0,0.8050129123032093,0.9223779041167588,0.6765625,0.5592592592592592,NonDemented1.0_0.0__VeryMildDemented1.0_0.0__MildDemented1.0_0.0__ModerateDemented1.0_0.2,minimal,1,minimal_NonDemented1.0_0.0__VeryMildDemented1.0_0.0__MildDemented1.0_0.0__ModerateDemented1.0_0.2
16,1,0.35048691667616366,0.4995129176747729,0.86953125,0.787719298245614,NonDemented1.0_0.0__VeryMildDemented1.0_0.0__MildDemented1.0_0.0__ModerateDemented1.0_0.2,minimal,1,minimal_NonDemented1.0_0.0__VeryMildDemented1.0_0.0__MildDemented1.0_0.0__ModerateDemented1.0_0.2
17,2,0.16060163052170537,0.14198830170723925,0.94140625,0.9510721247563353,NonDemented1.0_0.0__VeryMildDemented1.0_0.0__MildDemented1.0_0.0__ModerateDemented1.0_0.2,minimal,1,minimal_NonDemented1.0_0.0__VeryMildDemented1.0_0.0__MildDemented1.0_0.0__ModerateDemented1.0_0.2
18,3,0.4893511882473831,0.042899000884231625,0.8453125,0.9861598440545809,NonDemented1.0_0.0__VeryMildDemented1.0_0.0__MildDemented1.0_0.0__ModerateDemented1.0_0.2,minimal,1,minimal_NonDemented1.0_0.0__VeryMildDemented1.0_0.0__MildDemented1.0_0.0__ModerateDemented1.0_0.2
19,4,0.1970142437668983,0.04699147061608663,0.94296875,0.9818713450292398,NonDemented1.0_0.0__VeryMildDemented1.0_0.0__MildDemented1.0_0.0__ModerateDemented1.0_0.2,minimal,1,minimal_NonDemented1.0_0.0__VeryMildDemented1.0_0.0__MildDemented1.0_0.0__ModerateDemented1.0_0.2
20,5,0.12286117457697401,0.0243681095131141,0.96015625,0.9922027290448343,NonDemented1.0_0.0__VeryMildDemented1.0_0.0__MildDemented1.0_0.0__ModerateDemented1.0_0.2,minimal,1,minimal_NonDemented1.0_0.0__VeryMildDemented1.0_0.0__MildDemented1.0_0.0__ModerateDemented1.0_0.2
21,6,0.09863273852497514,0.00470124561066506,0.9765625,0.9982456140350877,NonDemented1.0_0.0__VeryMildDemented1.0_0.0__MildDemented1.0_0.0__ModerateDemented1.0_0.2,minimal,1,minimal_NonDemented1.0_0.0__VeryMildDemented1.0_0.0__MildDemented1.0_0.0__ModerateDemented1.0_0.2
22,7,0.0956449804638396,0.0005374948569902738,0.97890625,1.0,NonDemented1.0_0.0__VeryMildDemented1.0_0.0__MildDemented1.0_0.0__ModerateDemented1.0_0.2,minimal,1,minimal_NonDemented1.0_0.0__VeryMildDemented1.0_0.0__MildDemented1.0_0.0__ModerateDemented1.0_0.2
23,8,0.0988882641264354,0.0001160369904974628,0.98046875,1.0,NonDemented1.0_0.0__VeryMildDemented1.0_0.0__MildDemented1.0_0.0__ModerateDemented1.0_0.2,minimal,1,minimal_NonDemented1.0_0.0__VeryMildDemented1.0_0.0__MildDemented1.0_0.0__ModerateDemented1.0_0.2
24,9,0.09723574579729757,6.952410281922207e-05,0.97890625,1.0,NonDemented1.0_0.0__VeryMildDemented1.0_0.0__MildDemented1.0_0.0__ModerateDemented1.0_0.2,minimal,1,minimal_NonDemented1.0_0.0__VeryMildDemented1.0_0.0__MildDemented1.0_0.0__ModerateDemented1.0_0.2
25,10,0.09966971864311631,4.998588511478562e-05,0.9796875,1.0,NonDemented1.0_0.0__VeryMildDemented1.0_0.0__MildDemented1.0_0.0__ModerateDemented1.0_0.2,minimal,1,minimal_NonDemented1.0_0.0__VeryMildDemented1.0_0.0__MildDemented1.0_0.0__ModerateDemented1.0_0.2
26,11,0.10044724066110575,3.786347331114188e-05,0.9796875,1.0,NonDemented1.0_0.0__VeryMildDemented1.0_0.0__MildDemented1.0_0.0__ModerateDemented1.0_0.2,minimal,1,minimal_NonDemented1.0_0.0__VeryMildDemented1.0_0.0__MildDemented1.0_0.0__ModerateDemented1.0_0.2
27,12,0.10108864317722918,2.9325065269161262e-05,0.9796875,1.0,NonDemented1.0_0.0__VeryMildDemented1.0_0.0__MildDemented1.0_0.0__ModerateDemented1.0_0.2,minimal,1,minimal_NonDemented1.0_0.0__VeryMildDemented1.0_0.0__MildDemented1.0_0.0__ModerateDemented1.0_0.2
28,13,0.10162906866146386,2.3119954664286558e-05,0.97890625,1.0,NonDemented1.0_0.0__VeryMildDemented1.0_0.0__MildDemented1.0_0.0__ModerateDemented1.0_0.2,minimal,1,minimal_NonDemented1.0_0.0__VeryMildDemented1.0_0.0__MildDemented1.0_0.0__ModerateDemented1.0_0.2
29,14,0.10272865911847191,1.8344486890169298e-05,0.98046875,1.0,NonDemented1.0_0.0__VeryMildDemented1.0_0.0__MildDemented1.0_0.0__ModerateDemented1.0_0.2,minimal,1,minimal_NonDemented1.0_0.0__VeryMildDemented1.0_0.0__MildDemented1.0_0.0__ModerateDemented1.0_0.2
30,0,0.8061371751129627,0.9683410328498826,0.62421875,0.5294346978557505,NonDemented1.0_0.0__VeryMildDemented1.0_0.0__MildDemented1.0_0.0__ModerateDemented1.0_0.2,minimal,2,minimal_NonDemented1.0_0.0__VeryMildDemented1.0_0.0__MildDemented1.0_0.0__ModerateDemented1.0_0.2
31,1,0.4068227084353566,0.5741937461187501,0.84453125,0.750682261208577,NonDemented1.0_0.0__VeryMildDemented1.0_0.0__MildDemented1.0_0.0__ModerateDemented1.0_0.2,minimal,2,minimal_NonDemented1.0_0.0__VeryMildDemented1.0_0.0__MildDemented1.0_0.0__ModerateDemented1.0_0.2
32,2,0.2400507417274639,0.18603988791912154,0.91875,0.9311890838206628,NonDemented1.0_0.0__VeryMildDemented1.0_0.0__MildDemented1.0_0.0__ModerateDemented1.0_0.2,minimal,2,minimal_NonDemented1.0_0.0__VeryMildDemented1.0_0.0__MildDemented1.0_0.0__ModerateDemented1.0_0.2
33,3,0.21063523796619849,0.06594143331479317,0.92890625,0.97953216374269,NonDemented1.0_0.0__VeryMildDemented1.0_0.0__MildDemented1.0_0.0__ModerateDemented1.0_0.2,minimal,2,minimal_NonDemented1.0_0.0__VeryMildDemented1.0_0.0__MildDemented1.0_0.0__ModerateDemented1.0_0.2
34,4,0.13288585686532314,0.03687222479110979,0.95546875,0.9869395711500974,NonDemented1.0_0.0__VeryMildDemented1.0_0.0__MildDemented1.0_0.0__ModerateDemented1.0_0.2,minimal,2,minimal_NonDemented1.0_0.0__VeryMildDemented1.0_0.0__MildDemented1.0_0.0__ModerateDemented1.0_0.2
35,5,0.12226896490174113,0.01330314276753117,0.96953125,0.9964912280701754,NonDemented1.0_0.0__VeryMildDemented1.0_0.0__MildDemented1.0_0.0__ModerateDemented1.0_0.2,minimal,2,minimal_NonDemented1.0_0.0__VeryMildDemented1.0_0.0__MildDemented1.0_0.0__ModerateDemented1.0_0.2
36,6,0.10667043185094371,0.019542248117032625,0.971875,0.9951267056530214,NonDemented1.0_0.0__VeryMildDemented1.0_0.0__MildDemented1.0_0.0__ModerateDemented1.0_0.2,minimal,2,minimal_NonDemented1.0_0.0__VeryMildDemented1.0_0.0__MildDemented1.0_0.0__ModerateDemented1.0_0.2
37,7,0.12581015976593335,0.01505217827584451,0.965625,0.9943469785575049,NonDemented1.0_0.0__VeryMildDemented1.0_0.0__MildDemented1.0_0.0__ModerateDemented1.0_0.2,minimal,2,minimal_NonDemented1.0_0.0__VeryMildDemented1.0_0.0__MildDemented1.0_0.0__ModerateDemented1.0_0.2
38,8,0.13532012017549278,0.01344467381472231,0.96640625,0.9951267056530214,NonDemented1.0_0.0__VeryMildDemented1.0_0.0__MildDemented1.0_0.0__ModerateDemented1.0_0.2,minimal,2,minimal_NonDemented1.0_0.0__VeryMildDemented1.0_0.0__MildDemented1.0_0.0__ModerateDemented1.0_0.2
39,9,0.28577316791197516,0.06825766641097225,0.92890625,0.9777777777777777,NonDemented1.0_0.0__VeryMildDemented1.0_0.0__MildDemented1.0_0.0__ModerateDemented1.0_0.2,minimal,2,minimal_NonDemented1.0_0.0__VeryMildDemented1.0_0.0__MildDemented1.0_0.0__ModerateDemented1.0_0.2
40,10,0.2414981163059565,0.018730136455575887,0.93828125,0.99317738791423,NonDemented1.0_0.0__VeryMildDemented1.0_0.0__MildDemented1.0_0.0__ModerateDemented1.0_0.2,minimal,2,minimal_NonDemented1.0_0.0__VeryMildDemented1.0_0.0__MildDemented1.0_0.0__ModerateDemented1.0_0.2
41,11,0.10576720585509065,0.004546218056232418,0.9765625,0.9994152046783625,NonDemented1.0_0.0__VeryMildDemented1.0_0.0__MildDemented1.0_0.0__ModerateDemented1.0_0.2,minimal,2,minimal_NonDemented1.0_0.0__VeryMildDemented1.0_0.0__MildDemented1.0_0.0__ModerateDemented1.0_0.2
42,12,0.11123967208469168,0.00015695834924840365,0.978125,1.0,NonDemented1.0_0.0__VeryMildDemented1.0_0.0__MildDemented1.0_0.0__ModerateDemented1.0_0.2,minimal,2,minimal_NonDemented1.0_0.0__VeryMildDemented1.0_0.0__MildDemented1.0_0.0__ModerateDemented1.0_0.2
43,13,0.11408290687971885,5.5393376861869466e-05,0.978125,1.0,NonDemented1.0_0.0__VeryMildDemented1.0_0.0__MildDemented1.0_0.0__ModerateDemented1.0_0.2,minimal,2,minimal_NonDemented1.0_0.0__VeryMildDemented1.0_0.0__MildDemented1.0_0.0__ModerateDemented1.0_0.2
44,14,0.11437363226642674,3.87296732723589e-05,0.978125,1.0,NonDemented1.0_0.0__VeryMildDemented1.0_0.0__MildDemented1.0_0.0__ModerateDemented1.0_0.2,minimal,2,minimal_NonDemented1.0_0.0__VeryMildDemented1.0_0.0__MildDemented1.0_0.0__ModerateDemented1.0_0.2
45,0,0.7252158220857382,0.9017142494984305,0.6640625,0.571345029239766,NonDemented1.0_0.0__VeryMildDemented1.0_0.0__MildDemented1.0_0.0__ModerateDemented1.0_0.2,minimal,3,minimal_NonDemented1.0_0.0__VeryMildDemented1.0_0.0__MildDemented1.0_0.0__ModerateDemented1.0_0.2
46,1,0.3367551286239177,0.4292988916180055,0.878125,0.8284600389863548,NonDemented1.0_0.0__VeryMildDemented1.0_0.0__MildDemented1.0_0.0__ModerateDemented1.0_0.2,minimal,3,minimal_NonDemented1.0_0.0__VeryMildDemented1.0_0.0__MildDemented1.0_0.0__ModerateDemented1.0_0.2
47,2,0.18683344451128506,0.11030949072269669,0.93125,0.9633528265107213,NonDemented1.0_0.0__VeryMildDemented1.0_0.0__MildDemented1.0_0.0__ModerateDemented1.0_0.2,minimal,3,minimal_NonDemented1.0_0.0__VeryMildDemented1.0_0.0__MildDemented1.0_0.0__ModerateDemented1.0_0.2
48,3,0.16299101055483334,0.035701622889507886,0.94453125,0.9883040935672515,NonDemented1.0_0.0__VeryMildDemented1.0_0.0__MildDemented1.0_0.0__ModerateDemented1.0_0.2,minimal,3,minimal_NonDemented1.0_0.0__VeryMildDemented1.0_0.0__MildDemented1.0_0.0__ModerateDemented1.0_0.2
49,4,0.1674356457326212,0.04308091573293283,0.9515625,0.9838206627680312,NonDemented1.0_0.0__VeryMildDemented1.0_0.0__MildDemented1.0_0.0__ModerateDemented1.0_0.2,minimal,3,minimal_NonDemented1.0_0.0__VeryMildDemented1.0_0.0__MildDemented1.0_0.0__ModerateDemented1.0_0.2
50,5,0.15968450983345975,0.008744062661780154,0.96640625,0.9974658869395712,NonDemented1.0_0.0__VeryMildDemented1.0_0.0__MildDemented1.0_0.0__ModerateDemented1.0_0.2,minimal,3,minimal_NonDemented1.0_0.0__VeryMildDemented1.0_0.0__MildDemented1.0_0.0__ModerateDemented1.0_0.2
51,6,0.24470240978553193,0.015103039177035692,0.93828125,0.9949317738791423,NonDemented1.0_0.0__VeryMildDemented1.0_0.0__MildDemented1.0_0.0__ModerateDemented1.0_0.2,minimal,3,minimal_NonDemented1.0_0.0__VeryMildDemented1.0_0.0__MildDemented1.0_0.0__ModerateDemented1.0_0.2
52,7,0.17052911903883797,0.07753233698232564,0.946875,0.9752436647173489,NonDemented1.0_0.0__VeryMildDemented1.0_0.0__MildDemented1.0_0.0__ModerateDemented1.0_0.2,minimal,3,minimal_NonDemented1.0_0.0__VeryMildDemented1.0_0.0__MildDemented1.0_0.0__ModerateDemented1.0_0.2
53,8,0.13743463018909097,0.023196846836965466,0.965625,0.9898635477582846,NonDemented1.0_0.0__VeryMildDemented1.0_0.0__MildDemented1.0_0.0__ModerateDemented1.0_0.2,minimal,3,minimal_NonDemented1.0_0.0__VeryMildDemented1.0_0.0__MildDemented1.0_0.0__ModerateDemented1.0_0.2
54,9,0.2031823510365939,0.015205175646272811,0.953125,0.9941520467836257,NonDemented1.0_0.0__VeryMildDemented1.0_0.0__MildDemented1.0_0.0__ModerateDemented1.0_0.2,minimal,3,minimal_NonDemented1.0_0.0__VeryMildDemented1.0_0.0__MildDemented1.0_0.0__ModerateDemented1.0_0.2
55,10,0.14560300313910374,0.004113386702853946,0.97109375,0.9994152046783625,NonDemented1.0_0.0__VeryMildDemented1.0_0.0__MildDemented1.0_0.0__ModerateDemented1.0_0.2,minimal,3,minimal_NonDemented1.0_0.0__VeryMildDemented1.0_0.0__MildDemented1.0_0.0__ModerateDemented1.0_0.2
56,11,0.16752996025035144,0.00041782402690638106,0.96875,1.0,NonDemented1.0_0.0__VeryMildDemented1.0_0.0__MildDemented1.0_0.0__ModerateDemented1.0_0.2,minimal,3,minimal_NonDemented1.0_0.0__VeryMildDemented1.0_0.0__MildDemented1.0_0.0__ModerateDemented1.0_0.2
57,12,0.1649043985958997,5.8938755345343365e-05,0.96875,1.0,NonDemented1.0_0.0__VeryMildDemented1.0_0.0__MildDemented1.0_0.0__ModerateDemented1.0_0.2,minimal,3,minimal_NonDemented1.0_0.0__VeryMildDemented1.0_0.0__MildDemented1.0_0.0__ModerateDemented1.0_0.2
58,13,0.1639858532032065,3.494349109192878e-05,0.96875,1.0,NonDemented1.0_0.0__VeryMildDemented1.0_0.0__MildDemented1.0_0.0__ModerateDemented1.0_0.2,minimal,3,minimal_NonDemented1.0_0.0__VeryMildDemented1.0_0.0__MildDemented1.0_0.0__ModerateDemented1.0_0.2
59,14,0.16602874278455887,2.525787420924181e-05,0.96953125,1.0,NonDemented1.0_0.0__VeryMildDemented1.0_0.0__MildDemented1.0_0.0__ModerateDemented1.0_0.2,minimal,3,minimal_NonDemented1.0_0.0__VeryMildDemented1.0_0.0__MildDemented1.0_0.0__ModerateDemented1.0_0.2
60,0,0.8547736518085003,0.9332421771267004,0.60078125,0.5512670565302145,NonDemented1.0_0.0__VeryMildDemented1.0_0.0__MildDemented1.0_0.0__ModerateDemented1.0_0.2,minimal,4,minimal_NonDemented1.0_0.0__VeryMildDemented1.0_0.0__MildDemented1.0_0.0__ModerateDemented1.0_0.2
61,1,0.3719441430643201,0.5310571130256206,0.85703125,0.7750487329434698,NonDemented1.0_0.0__VeryMildDemented1.0_0.0__MildDemented1.0_0.0__ModerateDemented1.0_0.2,minimal,4,minimal_NonDemented1.0_0.0__VeryMildDemented1.0_0.0__MildDemented1.0_0.0__ModerateDemented1.0_0.2
62,2,0.2846346904989332,0.16163232838898375,0.89453125,0.9376218323586745,NonDemented1.0_0.0__VeryMildDemented1.0_0.0__MildDemented1.0_0.0__ModerateDemented1.0_0.2,minimal,4,minimal_NonDemented1.0_0.0__VeryMildDemented1.0_0.0__MildDemented1.0_0.0__ModerateDemented1.0_0.2
63,3,0.15160200864775106,0.04793211258823037,0.95234375,0.9832358674463938,NonDemented1.0_0.0__VeryMildDemented1.0_0.0__MildDemented1.0_0.0__ModerateDemented1.0_0.2,minimal,4,minimal_NonDemented1.0_0.0__VeryMildDemented1.0_0.0__MildDemented1.0_0.0__ModerateDemented1.0_0.2
64,4,0.1278075670124963,0.04049439555175646,0.96015625,0.9842105263157894,NonDemented1.0_0.0__VeryMildDemented1.0_0.0__MildDemented1.0_0.0__ModerateDemented1.0_0.2,minimal,4,minimal_NonDemented1.0_0.0__VeryMildDemented1.0_0.0__MildDemented1.0_0.0__ModerateDemented1.0_0.2
65,5,0.11042854682309552,0.0319751302204703,0.9734375,0.9888888888888889,NonDemented1.0_0.0__VeryMildDemented1.0_0.0__MildDemented1.0_0.0__ModerateDemented1.0_0.2,minimal,4,minimal_NonDemented1.0_0.0__VeryMildDemented1.0_0.0__MildDemented1.0_0.0__ModerateDemented1.0_0.2
66,6,0.12378201416013326,0.004299727950230278,0.9765625,0.998635477582846,NonDemented1.0_0.0__VeryMildDemented1.0_0.0__MildDemented1.0_0.0__ModerateDemented1.0_0.2,minimal,4,minimal_NonDemented1.0_0.0__VeryMildDemented1.0_0.0__MildDemented1.0_0.0__ModerateDemented1.0_0.2
67,7,0.110045926800899,0.000334123537780855,0.9765625,1.0,NonDemented1.0_0.0__VeryMildDemented1.0_0.0__MildDemented1.0_0.0__ModerateDemented1.0_0.2,minimal,4,minimal_NonDemented1.0_0.0__VeryMildDemented1.0_0.0__MildDemented1.0_0.0__ModerateDemented1.0_0.2
68,8,0.1104470439404622,8.743310385093279e-05,0.98046875,1.0,NonDemented1.0_0.0__VeryMildDemented1.0_0.0__MildDemented1.0_0.0__ModerateDemented1.0_0.2,minimal,4,minimal_NonDemented1.0_0.0__VeryMildDemented1.0_0.0__MildDemented1.0_0.0__ModerateDemented1.0_0.2
69,9,0.10837703295840129,5.6728541838474326e-05,0.98046875,1.0,NonDemented1.0_0.0__VeryMildDemented1.0_0.0__MildDemented1.0_0.0__ModerateDemented1.0_0.2,minimal,4,minimal_NonDemented1.0_0.0__VeryMildDemented1.0_0.0__MildDemented1.0_0.0__ModerateDemented1.0_0.2
70,10,0.11102433923093144,4.154792490080723e-05,0.98046875,1.0,NonDemented1.0_0.0__VeryMildDemented1.0_0.0__MildDemented1.0_0.0__ModerateDemented1.0_0.2,minimal,4,minimal_NonDemented1.0_0.0__VeryMildDemented1.0_0.0__MildDemented1.0_0.0__ModerateDemented1.0_0.2
71,11,0.11150367576397287,3.187238699824925e-05,0.98125,1.0,NonDemented1.0_0.0__VeryMildDemented1.0_0.0__MildDemented1.0_0.0__ModerateDemented1.0_0.2,minimal,4,minimal_NonDemented1.0_0.0__VeryMildDemented1.0_0.0__MildDemented1.0_0.0__ModerateDemented1.0_0.2
72,12,0.11316514553517579,2.519620259308848e-05,0.98125,1.0,NonDemented1.0_0.0__VeryMildDemented1.0_0.0__MildDemented1.0_0.0__ModerateDemented1.0_0.2,minimal,4,minimal_NonDemented1.0_0.0__VeryMildDemented1.0_0.0__MildDemented1.0_0.0__ModerateDemented1.0_0.2
73,13,0.11328230990954183,2.031163813040394e-05,0.98125,1.0,NonDemented1.0_0.0__VeryMildDemented1.0_0.0__MildDemented1.0_0.0__ModerateDemented1.0_0.2,minimal,4,minimal_NonDemented1.0_0.0__VeryMildDemented1.0_0.0__MildDemented1.0_0.0__ModerateDemented1.0_0.2
74,14,0.11295160312841687,1.656928967651427e-05,0.98125,1.0,NonDemented1.0_0.0__VeryMildDemented1.0_0.0__MildDemented1.0_0.0__ModerateDemented1.0_0.2,minimal,4,minimal_NonDemented1.0_0.0__VeryMildDemented1.0_0.0__MildDemented1.0_0.0__ModerateDemented1.0_0.2
75,0,0.845246785134077,0.9301104656436987,0.58046875,0.5518518518518518,NonDemented1.0_0.0__VeryMildDemented1.0_0.0__MildDemented1.0_0.0__ModerateDemented1.0_0.2,minimal,5,minimal_NonDemented1.0_0.0__VeryMildDemented1.0_0.0__MildDemented1.0_0.0__ModerateDemented1.0_0.2
76,1,0.3348704375326633,0.525228808706964,0.88203125,0.7787524366471735,NonDemented1.0_0.0__VeryMildDemented1.0_0.0__MildDemented1.0_0.0__ModerateDemented1.0_0.2,minimal,5,minimal_NonDemented1.0_0.0__VeryMildDemented1.0_0.0__MildDemented1.0_0.0__ModerateDemented1.0_0.2
77,2,0.17090032608248293,0.16449720226010384,0.94296875,0.9430799220272904,NonDemented1.0_0.0__VeryMildDemented1.0_0.0__MildDemented1.0_0.0__ModerateDemented1.0_0.2,minimal,5,minimal_NonDemented1.0_0.0__VeryMildDemented1.0_0.0__MildDemented1.0_0.0__ModerateDemented1.0_0.2
78,3,0.15696172881871462,0.04527697203350462,0.95,0.9842105263157894,NonDemented1.0_0.0__VeryMildDemented1.0_0.0__MildDemented1.0_0.0__ModerateDemented1.0_0.2,minimal,5,minimal_NonDemented1.0_0.0__VeryMildDemented1.0_0.0__MildDemented1.0_0.0__ModerateDemented1.0_0.2
79,4,0.11134856183634838,0.03625527744364814,0.97265625,0.989083820662768,NonDemented1.0_0.0__VeryMildDemented1.0_0.0__MildDemented1.0_0.0__ModerateDemented1.0_0.2,minimal,5,minimal_NonDemented1.0_0.0__VeryMildDemented1.0_0.0__MildDemented1.0_0.0__ModerateDemented1.0_0.2
80,5,0.14918309743734426,0.021226429536967715,0.95625,0.9935672514619883,NonDemented1.0_0.0__VeryMildDemented1.0_0.0__MildDemented1.0_0.0__ModerateDemented1.0_0.2,minimal,5,minimal_NonDemented1.0_0.0__VeryMildDemented1.0_0.0__MildDemented1.0_0.0__ModerateDemented1.0_0.2
81,6,0.09041986470565462,0.028945055753772136,0.975,0.9914230019493178,NonDemented1.0_0.0__VeryMildDemented1.0_0.0__MildDemented1.0_0.0__ModerateDemented1.0_0.2,minimal,5,minimal_NonDemented1.0_0.0__VeryMildDemented1.0_0.0__MildDemented1.0_0.0__ModerateDemented1.0_0.2
82,7,0.11145519480905933,0.000777739259945619,0.9765625,1.0,NonDemented1.0_0.0__VeryMildDemented1.0_0.0__MildDemented1.0_0.0__ModerateDemented1.0_0.2,minimal,5,minimal_NonDemented1.0_0.0__VeryMildDemented1.0_0.0__MildDemented1.0_0.0__ModerateDemented1.0_0.2
83,8,0.10444657426104413,0.00017439766773334173,0.97890625,1.0,NonDemented1.0_0.0__VeryMildDemented1.0_0.0__MildDemented1.0_0.0__ModerateDemented1.0_0.2,minimal,5,minimal_NonDemented1.0_0.0__VeryMildDemented1.0_0.0__MildDemented1.0_0.0__ModerateDemented1.0_0.2
84,9,0.10558108912620696,8.583935094705979e-05,0.9796875,1.0,NonDemented1.0_0.0__VeryMildDemented1.0_0.0__MildDemented1.0_0.0__ModerateDemented1.0_0.2,minimal,5,minimal_NonDemented1.0_0.0__VeryMildDemented1.0_0.0__MildDemented1.0_0.0__ModerateDemented1.0_0.2
85,10,0.10736704535278249,5.3875653238240994e-05,0.9796875,1.0,NonDemented1.0_0.0__VeryMildDemented1.0_0.0__MildDemented1.0_0.0__ModerateDemented1.0_0.2,minimal,5,minimal_NonDemented1.0_0.0__VeryMildDemented1.0_0.0__MildDemented1.0_0.0__ModerateDemented1.0_0.2
86,11,0.10790772759327041,3.9112784780983316e-05,0.9796875,1.0,NonDemented1.0_0.0__VeryMildDemented1.0_0.0__MildDemented1.0_0.0__ModerateDemented1.0_0.2,minimal,5,minimal_NonDemented1.0_0.0__VeryMildDemented1.0_0.0__MildDemented1.0_0.0__ModerateDemented1.0_0.2
87,12,0.10969193193724322,2.9948008285727053e-05,0.9796875,1.0,NonDemented1.0_0.0__VeryMildDemented1.0_0.0__MildDemented1.0_0.0__ModerateDemented1.0_0.2,minimal,5,minimal_NonDemented1.0_0.0__VeryMildDemented1.0_0.0__MildDemented1.0_0.0__ModerateDemented1.0_0.2
88,13,0.11301419028665691,2.3026384013270326e-05,0.9796875,1.0,NonDemented1.0_0.0__VeryMildDemented1.0_0.0__MildDemented1.0_0.0__ModerateDemented1.0_0.2,minimal,5,minimal_NonDemented1.0_0.0__VeryMildDemented1.0_0.0__MildDemented1.0_0.0__ModerateDemented1.0_0.2
89,14,0.11393608940126469,1.8227645954429266e-05,0.9796875,1.0,NonDemented1.0_0.0__VeryMildDemented1.0_0.0__MildDemented1.0_0.0__ModerateDemented1.0_0.2,minimal,5,minimal_NonDemented1.0_0.0__VeryMildDemented1.0_0.0__MildDemented1.0_0.0__ModerateDemented1.0_0.2
90,0,0.7968631155788899,0.9385787311817935,0.60234375,0.5610136452241715,NonDemented1.0_0.0__VeryMildDemented1.0_0.0__MildDemented1.0_0.0__ModerateDemented1.0_0.2,minimal,6,minimal_NonDemented1.0_0.0__VeryMildDemented1.0_0.0__MildDemented1.0_0.0__ModerateDemented1.0_0.2
91,1,0.35467267464846375,0.5222095742908834,0.86875,0.7799220272904483,NonDemented1.0_0.0__VeryMildDemented1.0_0.0__MildDemented1.0_0.0__ModerateDemented1.0_0.2,minimal,6,minimal_NonDemented1.0_0.0__VeryMildDemented1.0_0.0__MildDemented1.0_0.0__ModerateDemented1.0_0.2
92,2,0.24005755255930125,0.1708183694129799,0.91328125,0.938401559454191,NonDemented1.0_0.0__VeryMildDemented1.0_0.0__MildDemented1.0_0.0__ModerateDemented1.0_0.2,minimal,6,minimal_NonDemented1.0_0.0__VeryMildDemented1.0_0.0__MildDemented1.0_0.0__ModerateDemented1.0_0.2
93,3,0.18990325732156635,0.05934197058098765,0.93046875,0.9789473684210527,NonDemented1.0_0.0__VeryMildDemented1.0_0.0__MildDemented1.0_0.0__ModerateDemented1.0_0.2,minimal,6,minimal_NonDemented1.0_0.0__VeryMildDemented1.0_0.0__MildDemented1.0_0.0__ModerateDemented1.0_0.2
94,4,0.15168066244004877,0.040092549028989746,0.95859375,0.9849902534113061,NonDemented1.0_0.0__VeryMildDemented1.0_0.0__MildDemented1.0_0.0__ModerateDemented1.0_0.2,minimal,6,minimal_NonDemented1.0_0.0__VeryMildDemented1.0_0.0__MildDemented1.0_0.0__ModerateDemented1.0_0.2
95,5,0.15034318490652368,0.022687912832144067,0.9609375,0.9933723196881091,NonDemented1.0_0.0__VeryMildDemented1.0_0.0__MildDemented1.0_0.0__ModerateDemented1.0_0.2,minimal,6,minimal_NonDemented1.0_0.0__VeryMildDemented1.0_0.0__MildDemented1.0_0.0__ModerateDemented1.0_0.2
96,6,0.11554349590442144,0.04522341172740528,0.9625,0.9846003898635478,NonDemented1.0_0.0__VeryMildDemented1.0_0.0__MildDemented1.0_0.0__ModerateDemented1.0_0.2,minimal,6,minimal_NonDemented1.0_0.0__VeryMildDemented1.0_0.0__MildDemented1.0_0.0__ModerateDemented1.0_0.2
97,7,0.11823754199426731,0.012358680585859145,0.97109375,0.9968810916179337,NonDemented1.0_0.0__VeryMildDemented1.0_0.0__MildDemented1.0_0.0__ModerateDemented1.0_0.2,minimal,6,minimal_NonDemented1.0_0.0__VeryMildDemented1.0_0.0__MildDemented1.0_0.0__ModerateDemented1.0_0.2
98,8,0.08807372668397875,0.022542269347312377,0.97890625,0.9925925925925926,NonDemented1.0_0.0__VeryMildDemented1.0_0.0__MildDemented1.0_0.0__ModerateDemented1.0_0.2,minimal,6,minimal_NonDemented1.0_0.0__VeryMildDemented1.0_0.0__MildDemented1.0_0.0__ModerateDemented1.0_0.2
99,9,0.13089500373644114,0.025286032617742062,0.965625,0.9908382066276803,NonDemented1.0_0.0__VeryMildDemented1.0_0.0__MildDemented1.0_0.0__ModerateDemented1.0_0.2,minimal,6,minimal_NonDemented1.0_0.0__VeryMildDemented1.0_0.0__MildDemented1.0_0.0__ModerateDemented1.0_0.2
100,10,0.08427235604758607,0.01762250567285078,0.978125,0.9935672514619883,NonDemented1.0_0.0__VeryMildDemented1.0_0.0__MildDemented1.0_0.0__ModerateDemented1.0_0.2,minimal,6,minimal_NonDemented1.0_0.0__VeryMildDemented1.0_0.0__MildDemented1.0_0.0__ModerateDemented1.0_0.2
101,11,0.11082153981909641,0.0036156611429760234,0.9796875,0.9990253411306043,NonDemented1.0_0.0__VeryMildDemented1.0_0.0__MildDemented1.0_0.0__ModerateDemented1.0_0.2,minimal,6,minimal_NonDemented1.0_0.0__VeryMildDemented1.0_0.0__MildDemented1.0_0.0__ModerateDemented1.0_0.2
102,12,0.10342495684373035,0.00018641798607972994,0.98046875,1.0,NonDemented1.0_0.0__VeryMildDemented1.0_0.0__MildDemented1.0_0.0__ModerateDemented1.0_0.2,minimal,6,minimal_NonDemented1.0_0.0__VeryMildDemented1.0_0.0__MildDemented1.0_0.0__ModerateDemented1.0_0.2
103,13,0.11094700778199354,4.373797288018523e-05,0.9796875,1.0,NonDemented1.0_0.0__VeryMildDemented1.0_0.0__MildDemented1.0_0.0__ModerateDemented1.0_0.2,minimal,6,minimal_NonDemented1.0_0.0__VeryMildDemented1.0_0.0__MildDemented1.0_0.0__ModerateDemented1.0_0.2
104,14,0.11266078523547662,2.8533370730170544e-05,0.98046875,1.0,NonDemented1.0_0.0__VeryMildDemented1.0_0.0__MildDemented1.0_0.0__ModerateDemented1.0_0.2,minimal,6,minimal_NonDemented1.0_0.0__VeryMildDemented1.0_0.0__MildDemented1.0_0.0__ModerateDemented1.0_0.2
105,0,0.7829088371247053,0.9422306518108524,0.64765625,0.5440545808966861,NonDemented1.0_0.0__VeryMildDemented1.0_0.0__MildDemented1.0_0.0__ModerateDemented1.0_0.2,minimal,7,minimal_NonDemented1.0_0.0__VeryMildDemented1.0_0.0__MildDemented1.0_0.0__ModerateDemented1.0_0.2
106,1,0.5327168370597064,0.4693078400534496,0.8390625,0.8064327485380117,NonDemented1.0_0.0__VeryMildDemented1.0_0.0__MildDemented1.0_0.0__ModerateDemented1.0_0.2,minimal,7,minimal_NonDemented1.0_0.0__VeryMildDemented1.0_0.0__MildDemented1.0_0.0__ModerateDemented1.0_0.2
107,2,0.14492167100543157,0.12715361560558716,0.946875,0.9530214424951267,NonDemented1.0_0.0__VeryMildDemented1.0_0.0__MildDemented1.0_0.0__ModerateDemented1.0_0.2,minimal,7,minimal_NonDemented1.0_0.0__VeryMildDemented1.0_0.0__MildDemented1.0_0.0__ModerateDemented1.0_0.2
108,3,0.11934947013360216,0.029771903154420253,0.9625,0.9908382066276803,NonDemented1.0_0.0__VeryMildDemented1.0_0.0__MildDemented1.0_0.0__ModerateDemented1.0_0.2,minimal,7,minimal_NonDemented1.0_0.0__VeryMildDemented1.0_0.0__MildDemented1.0_0.0__ModerateDemented1.0_0.2
109,4,0.116900073746001,0.019899031322857468,0.96328125,0.9933723196881091,NonDemented1.0_0.0__VeryMildDemented1.0_0.0__MildDemented1.0_0.0__ModerateDemented1.0_0.2,minimal,7,minimal_NonDemented1.0_0.0__VeryMildDemented1.0_0.0__MildDemented1.0_0.0__ModerateDemented1.0_0.2
110,5,0.13358824783063028,0.03791318741246021,0.95234375,0.98635477582846,NonDemented1.0_0.0__VeryMildDemented1.0_0.0__MildDemented1.0_0.0__ModerateDemented1.0_0.2,minimal,7,minimal_NonDemented1.0_0.0__VeryMildDemented1.0_0.0__MildDemented1.0_0.0__ModerateDemented1.0_0.2
111,6,0.2925723907188512,0.031008381477464677,0.9015625,0.9898635477582846,NonDemented1.0_0.0__VeryMildDemented1.0_0.0__MildDemented1.0_0.0__ModerateDemented1.0_0.2,minimal,7,minimal_NonDemented1.0_0.0__VeryMildDemented1.0_0.0__MildDemented1.0_0.0__ModerateDemented1.0_0.2
112,7,0.10135205908492821,0.006792216323840647,0.97578125,0.9984405458089669,NonDemented1.0_0.0__VeryMildDemented1.0_0.0__MildDemented1.0_0.0__ModerateDemented1.0_0.2,minimal,7,minimal_NonDemented1.0_0.0__VeryMildDemented1.0_0.0__MildDemented1.0_0.0__ModerateDemented1.0_0.2
113,8,0.10180712734802455,0.00014804583464028768,0.98046875,1.0,NonDemented1.0_0.0__VeryMildDemented1.0_0.0__MildDemented1.0_0.0__ModerateDemented1.0_0.2,minimal,7,minimal_NonDemented1.0_0.0__VeryMildDemented1.0_0.0__MildDemented1.0_0.0__ModerateDemented1.0_0.2
114,9,0.10748002564230319,6.322975487663334e-05,0.97890625,1.0,NonDemented1.0_0.0__VeryMildDemented1.0_0.0__MildDemented1.0_0.0__ModerateDemented1.0_0.2,minimal,7,minimal_NonDemented1.0_0.0__VeryMildDemented1.0_0.0__MildDemented1.0_0.0__ModerateDemented1.0_0.2
115,10,0.1091602679643529,4.248263419559242e-05,0.98046875,1.0,NonDemented1.0_0.0__VeryMildDemented1.0_0.0__MildDemented1.0_0.0__ModerateDemented1.0_0.2,minimal,7,minimal_NonDemented1.0_0.0__VeryMildDemented1.0_0.0__MildDemented1.0_0.0__ModerateDemented1.0_0.2
116,11,0.1108183786876367,3.0364680734001685e-05,0.98046875,1.0,NonDemented1.0_0.0__VeryMildDemented1.0_0.0__MildDemented1.0_0.0__ModerateDemented1.0_0.2,minimal,7,minimal_NonDemented1.0_0.0__VeryMildDemented1.0_0.0__MildDemented1.0_0.0__ModerateDemented1.0_0.2
117,12,0.1127408551078588,2.2965575908440346e-05,0.98046875,1.0,NonDemented1.0_0.0__VeryMildDemented1.0_0.0__MildDemented1.0_0.0__ModerateDemented1.0_0.2,minimal,7,minimal_NonDemented1.0_0.0__VeryMildDemented1.0_0.0__MildDemented1.0_0.0__ModerateDemented1.0_0.2
118,13,0.11402476492184661,1.76769623203078e-05,0.98046875,1.0,NonDemented1.0_0.0__VeryMildDemented1.0_0.0__MildDemented1.0_0.0__ModerateDemented1.0_0.2,minimal,7,minimal_NonDemented1.0_0.0__VeryMildDemented1.0_0.0__MildDemented1.0_0.0__ModerateDemented1.0_0.2
119,14,0.11571404363149326,1.3848031094303454e-05,0.98046875,1.0,NonDemented1.0_0.0__VeryMildDemented1.0_0.0__MildDemented1.0_0.0__ModerateDemented1.0_0.2,minimal,7,minimal_NonDemented1.0_0.0__VeryMildDemented1.0_0.0__MildDemented1.0_0.0__ModerateDemented1.0_0.2
120,0,0.6780408535152673,0.8878188339125576,0.70234375,0.569785575048733,NonDemented1.0_0.0__VeryMildDemented1.0_0.0__MildDemented1.0_0.0__ModerateDemented1.0_0.2,minimal,8,minimal_NonDemented1.0_0.0__VeryMildDemented1.0_0.0__MildDemented1.0_0.0__ModerateDemented1.0_0.2
121,1,0.3490434740204364,0.4288915830252231,0.86796875,0.82729044834308,NonDemented1.0_0.0__VeryMildDemented1.0_0.0__MildDemented1.0_0.0__ModerateDemented1.0_0.2,minimal,8,minimal_NonDemented1.0_0.0__VeryMildDemented1.0_0.0__MildDemented1.0_0.0__ModerateDemented1.0_0.2
122,2,0.16470022182911634,0.15373838528206474,0.93828125,0.9409356725146198,NonDemented1.0_0.0__VeryMildDemented1.0_0.0__MildDemented1.0_0.0__ModerateDemented1.0_0.2,minimal,8,minimal_NonDemented1.0_0.0__VeryMildDemented1.0_0.0__MildDemented1.0_0.0__ModerateDemented1.0_0.2
123,3,0.13869460324058308,0.051896703473998496,0.9546875,0.9814814814814815,NonDemented1.0_0.0__VeryMildDemented1.0_0.0__MildDemented1.0_0.0__ModerateDemented1.0_0.2,minimal,8,minimal_NonDemented1.0_0.0__VeryMildDemented1.0_0.0__MildDemented1.0_0.0__ModerateDemented1.0_0.2
124,4,0.16988107843499164,0.033982873629786796,0.95546875,0.9886939571150097,NonDemented1.0_0.0__VeryMildDemented1.0_0.0__MildDemented1.0_0.0__ModerateDemented1.0_0.2,minimal,8,minimal_NonDemented1.0_0.0__VeryMildDemented1.0_0.0__MildDemented1.0_0.0__ModerateDemented1.0_0.2
125,5,0.1093156597824418,0.023898424047338603,0.96640625,0.99317738791423,NonDemented1.0_0.0__VeryMildDemented1.0_0.0__MildDemented1.0_0.0__ModerateDemented1.0_0.2,minimal,8,minimal_NonDemented1.0_0.0__VeryMildDemented1.0_0.0__MildDemented1.0_0.0__ModerateDemented1.0_0.2
126,6,0.14206250006282062,0.03877593934514195,0.95859375,0.9873294346978557,NonDemented1.0_0.0__VeryMildDemented1.0_0.0__MildDemented1.0_0.0__ModerateDemented1.0_0.2,minimal,8,minimal_NonDemented1.0_0.0__VeryMildDemented1.0_0.0__MildDemented1.0_0.0__ModerateDemented1.0_0.2
127,7,0.13595085921078862,0.007789400885853218,0.9671875,0.9976608187134502,NonDemented1.0_0.0__VeryMildDemented1.0_0.0__MildDemented1.0_0.0__ModerateDemented1.0_0.2,minimal,8,minimal_NonDemented1.0_0.0__VeryMildDemented1.0_0.0__MildDemented1.0_0.0__ModerateDemented1.0_0.2
128,8,0.18882457345171133,0.014302825650248074,0.95390625,0.9953216374269006,NonDemented1.0_0.0__VeryMildDemented1.0_0.0__MildDemented1.0_0.0__ModerateDemented1.0_0.2,minimal,8,minimal_NonDemented1.0_0.0__VeryMildDemented1.0_0.0__MildDemented1.0_0.0__ModerateDemented1.0_0.2
129,9,0.1305768403423599,0.007288576705374977,0.9765625,0.9982456140350877,NonDemented1.0_0.0__VeryMildDemented1.0_0.0__MildDemented1.0_0.0__ModerateDemented1.0_0.2,minimal,8,minimal_NonDemented1.0_0.0__VeryMildDemented1.0_0.0__MildDemented1.0_0.0__ModerateDemented1.0_0.2
130,10,0.12189839222537557,0.00012333963399920167,0.97890625,1.0,NonDemented1.0_0.0__VeryMildDemented1.0_0.0__MildDemented1.0_0.0__ModerateDemented1.0_0.2,minimal,8,minimal_NonDemented1.0_0.0__VeryMildDemented1.0_0.0__MildDemented1.0_0.0__ModerateDemented1.0_0.2
131,11,0.12376398930384766,5.288977451144954e-05,0.97890625,1.0,NonDemented1.0_0.0__VeryMildDemented1.0_0.0__MildDemented1.0_0.0__ModerateDemented1.0_0.2,minimal,8,minimal_NonDemented1.0_0.0__VeryMildDemented1.0_0.0__MildDemented1.0_0.0__ModerateDemented1.0_0.2
132,12,0.12510824243738056,3.5681702820068195e-05,0.97890625,1.0,NonDemented1.0_0.0__VeryMildDemented1.0_0.0__MildDemented1.0_0.0__ModerateDemented1.0_0.2,minimal,8,minimal_NonDemented1.0_0.0__VeryMildDemented1.0_0.0__MildDemented1.0_0.0__ModerateDemented1.0_0.2
133,13,0.12664452966014322,2.6205763063198034e-05,0.97890625,1.0,NonDemented1.0_0.0__VeryMildDemented1.0_0.0__MildDemented1.0_0.0__ModerateDemented1.0_0.2,minimal,8,minimal_NonDemented1.0_0.0__VeryMildDemented1.0_0.0__MildDemented1.0_0.0__ModerateDemented1.0_0.2
134,14,0.1282318531520133,2.014067716323662e-05,0.97890625,1.0,NonDemented1.0_0.0__VeryMildDemented1.0_0.0__MildDemented1.0_0.0__ModerateDemented1.0_0.2,minimal,8,minimal_NonDemented1.0_0.0__VeryMildDemented1.0_0.0__MildDemented1.0_0.0__ModerateDemented1.0_0.2
135,0,0.9010813415050507,0.9748040351021824,0.59609375,0.5177387914230019,NonDemented1.0_0.0__VeryMildDemented1.0_0.0__MildDemented1.0_0.0__ModerateDemented1.0_0.2,minimal,9,minimal_NonDemented1.0_0.0__VeryMildDemented1.0_0.0__MildDemented1.0_0.0__ModerateDemented1.0_0.2
136,1,0.4502368737012148,0.6835903813848254,0.81796875,0.6894736842105263,NonDemented1.0_0.0__VeryMildDemented1.0_0.0__MildDemented1.0_0.0__ModerateDemented1.0_0.2,minimal,9,minimal_NonDemented1.0_0.0__VeryMildDemented1.0_0.0__MildDemented1.0_0.0__ModerateDemented1.0_0.2
137,2,0.22229716494912283,0.2436824376587747,0.91796875,0.9076023391812865,NonDemented1.0_0.0__VeryMildDemented1.0_0.0__MildDemented1.0_0.0__ModerateDemented1.0_0.2,minimal,9,minimal_NonDemented1.0_0.0__VeryMildDemented1.0_0.0__MildDemented1.0_0.0__ModerateDemented1.0_0.2
138,3,0.1489808380109025,0.08018385048621637,0.94453125,0.9705653021442495,NonDemented1.0_0.0__VeryMildDemented1.0_0.0__MildDemented1.0_0.0__ModerateDemented1.0_0.2,minimal,9,minimal_NonDemented1.0_0.0__VeryMildDemented1.0_0.0__MildDemented1.0_0.0__ModerateDemented1.0_0.2
139,4,0.10494817446015077,0.026040027060985772,0.9703125,0.991812865497076,NonDemented1.0_0.0__VeryMildDemented1.0_0.0__MildDemented1.0_0.0__ModerateDemented1.0_0.2,minimal,9,minimal_NonDemented1.0_0.0__VeryMildDemented1.0_0.0__MildDemented1.0_0.0__ModerateDemented1.0_0.2
140,5,0.09256915778441907,0.021961792208255244,0.96875,0.9923976608187135,NonDemented1.0_0.0__VeryMildDemented1.0_0.0__MildDemented1.0_0.0__ModerateDemented1.0_0.2,minimal,9,minimal_NonDemented1.0_0.0__VeryMildDemented1.0_0.0__MildDemented1.0_0.0__ModerateDemented1.0_0.2
141,6,0.09405821913910586,0.00245420513596184,0.97734375,0.9996101364522417,NonDemented1.0_0.0__VeryMildDemented1.0_0.0__MildDemented1.0_0.0__ModerateDemented1.0_0.2,minimal,9,minimal_NonDemented1.0_0.0__VeryMildDemented1.0_0.0__MildDemented1.0_0.0__ModerateDemented1.0_0.2
142,7,0.08883185131201117,0.00021224218726770969,0.98046875,1.0,NonDemented1.0_0.0__VeryMildDemented1.0_0.0__MildDemented1.0_0.0__ModerateDemented1.0_0.2,minimal,9,minimal_NonDemented1.0_0.0__VeryMildDemented1.0_0.0__MildDemented1.0_0.0__ModerateDemented1.0_0.2
143,8,0.09263797380740471,9.807151642504592e-05,0.98046875,1.0,NonDemented1.0_0.0__VeryMildDemented1.0_0.0__MildDemented1.0_0.0__ModerateDemented1.0_0.2,minimal,9,minimal_NonDemented1.0_0.0__VeryMildDemented1.0_0.0__MildDemented1.0_0.0__ModerateDemented1.0_0.2
144,9,0.09558814118067857,6.383773964871385e-05,0.98046875,1.0,NonDemented1.0_0.0__VeryMildDemented1.0_0.0__MildDemented1.0_0.0__ModerateDemented1.0_0.2,minimal,9,minimal_NonDemented1.0_0.0__VeryMildDemented1.0_0.0__MildDemented1.0_0.0__ModerateDemented1.0_0.2
145,10,0.09657540041756078,4.7379289075248475e-05,0.98046875,1.0,NonDemented1.0_0.0__VeryMildDemented1.0_0.0__MildDemented1.0_0.0__ModerateDemented1.0_0.2,minimal,9,minimal_NonDemented1.0_0.0__VeryMildDemented1.0_0.0__MildDemented1.0_0.0__ModerateDemented1.0_0.2
146,11,0.09757276644539843,3.6558553003158e-05,0.98046875,1.0,NonDemented1.0_0.0__VeryMildDemented1.0_0.0__MildDemented1.0_0.0__ModerateDemented1.0_0.2,minimal,9,minimal_NonDemented1.0_0.0__VeryMildDemented1.0_0.0__MildDemented1.0_0.0__ModerateDemented1.0_0.2
147,12,0.10165475504381902,2.882589857085494e-05,0.9796875,1.0,NonDemented1.0_0.0__VeryMildDemented1.0_0.0__MildDemented1.0_0.0__ModerateDemented1.0_0.2,minimal,9,minimal_NonDemented1.0_0.0__VeryMildDemented1.0_0.0__MildDemented1.0_0.0__ModerateDemented1.0_0.2
148,13,0.10299707082211569,2.3069883733809668e-05,0.9796875,1.0,NonDemented1.0_0.0__VeryMildDemented1.0_0.0__MildDemented1.0_0.0__ModerateDemented1.0_0.2,minimal,9,minimal_NonDemented1.0_0.0__VeryMildDemented1.0_0.0__MildDemented1.0_0.0__ModerateDemented1.0_0.2
149,14,0.10283377179362815,1.8844552191490793e-05,0.9796875,1.0,NonDemented1.0_0.0__VeryMildDemented1.0_0.0__MildDemented1.0_0.0__ModerateDemented1.0_0.2,minimal,9,minimal_NonDemented1.0_0.0__VeryMildDemented1.0_0.0__MildDemented1.0_0.0__ModerateDemented1.0_0.2
150,0,0.7854565761983394,0.9289122735315364,0.63984375,0.552046783625731,NonDemented1.0_0.0__VeryMildDemented1.0_0.0__MildDemented1.0_0.0__ModerateDemented1.0_0.2,minimal,10,minimal_NonDemented1.0_0.0__VeryMildDemented1.0_0.0__MildDemented1.0_0.0__ModerateDemented1.0_0.2
151,1,0.32715316442772746,0.48000521196840334,0.8734375,0.8029239766081872,NonDemented1.0_0.0__VeryMildDemented1.0_0.0__MildDemented1.0_0.0__ModerateDemented1.0_0.2,minimal,10,minimal_NonDemented1.0_0.0__VeryMildDemented1.0_0.0__MildDemented1.0_0.0__ModerateDemented1.0_0.2
152,2,0.17295341212302445,0.15291995437521683,0.9375,0.9444444444444444,NonDemented1.0_0.0__VeryMildDemented1.0_0.0__MildDemented1.0_0.0__ModerateDemented1.0_0.2,minimal,10,minimal_NonDemented1.0_0.0__VeryMildDemented1.0_0.0__MildDemented1.0_0.0__ModerateDemented1.0_0.2
153,3,0.11235774418746587,0.0753279544598265,0.9625,0.9729044834307993,NonDemented1.0_0.0__VeryMildDemented1.0_0.0__MildDemented1.0_0.0__ModerateDemented1.0_0.2,minimal,10,minimal_NonDemented1.0_0.0__VeryMildDemented1.0_0.0__MildDemented1.0_0.0__ModerateDemented1.0_0.2
154,4,0.20198508419489372,0.03218473318549414,0.934375,0.989083820662768,NonDemented1.0_0.0__VeryMildDemented1.0_0.0__MildDemented1.0_0.0__ModerateDemented1.0_0.2,minimal,10,minimal_NonDemented1.0_0.0__VeryMildDemented1.0_0.0__MildDemented1.0_0.0__ModerateDemented1.0_0.2
155,5,0.17744834225595696,0.03235146247509043,0.95234375,0.9908382066276803,NonDemented1.0_0.0__VeryMildDemented1.0_0.0__MildDemented1.0_0.0__ModerateDemented1.0_0.2,minimal,10,minimal_NonDemented1.0_0.0__VeryMildDemented1.0_0.0__MildDemented1.0_0.0__ModerateDemented1.0_0.2
156,6,0.19705788621504325,0.024860247480115703,0.93671875,0.9923976608187135,NonDemented1.0_0.0__VeryMildDemented1.0_0.0__MildDemented1.0_0.0__ModerateDemented1.0_0.2,minimal,10,minimal_NonDemented1.0_0.0__VeryMildDemented1.0_0.0__MildDemented1.0_0.0__ModerateDemented1.0_0.2
157,7,0.08946644485852176,0.01121407831573056,0.97578125,0.9966861598440546,NonDemented1.0_0.0__VeryMildDemented1.0_0.0__MildDemented1.0_0.0__ModerateDemented1.0_0.2,minimal,10,minimal_NonDemented1.0_0.0__VeryMildDemented1.0_0.0__MildDemented1.0_0.0__ModerateDemented1.0_0.2
158,8,0.20765490013400267,0.0220956659795108,0.9421875,0.9933723196881091,NonDemented1.0_0.0__VeryMildDemented1.0_0.0__MildDemented1.0_0.0__ModerateDemented1.0_0.2,minimal,10,minimal_NonDemented1.0_0.0__VeryMildDemented1.0_0.0__MildDemented1.0_0.0__ModerateDemented1.0_0.2
159,9,0.10421110542374663,0.030925479036023783,0.9640625,0.9896686159844055,NonDemented1.0_0.0__VeryMildDemented1.0_0.0__MildDemented1.0_0.0__ModerateDemented1.0_0.2,minimal,10,minimal_NonDemented1.0_0.0__VeryMildDemented1.0_0.0__MildDemented1.0_0.0__ModerateDemented1.0_0.2
160,10,0.12566408684360794,0.020435758149840368,0.96640625,0.9935672514619883,NonDemented1.0_0.0__VeryMildDemented1.0_0.0__MildDemented1.0_0.0__ModerateDemented1.0_0.2,minimal,10,minimal_NonDemented1.0_0.0__VeryMildDemented1.0_0.0__MildDemented1.0_0.0__ModerateDemented1.0_0.2
161,11,0.12552422582757572,0.013415862861571976,0.9625,0.9957115009746589,NonDemented1.0_0.0__VeryMildDemented1.0_0.0__MildDemented1.0_0.0__ModerateDemented1.0_0.2,minimal,10,minimal_NonDemented1.0_0.0__VeryMildDemented1.0_0.0__MildDemented1.0_0.0__ModerateDemented1.0_0.2
162,12,0.1256473531794427,0.002963220549925247,0.97421875,0.9994152046783625,NonDemented1.0_0.0__VeryMildDemented1.0_0.0__MildDemented1.0_0.0__ModerateDemented1.0_0.2,minimal,10,minimal_NonDemented1.0_0.0__VeryMildDemented1.0_0.0__MildDemented1.0_0.0__ModerateDemented1.0_0.2
163,13,0.5103236567349085,0.007328059818121235,0.8859375,0.9968810916179337,NonDemented1.0_0.0__VeryMildDemented1.0_0.0__MildDemented1.0_0.0__ModerateDemented1.0_0.2,minimal,10,minimal_NonDemented1.0_0.0__VeryMildDemented1.0_0.0__MildDemented1.0_0.0__ModerateDemented1.0_0.2
164,14,0.11499965528237226,0.02476614942606475,0.96953125,0.9912280701754386,NonDemented1.0_0.0__VeryMildDemented1.0_0.0__MildDemented1.0_0.0__ModerateDemented1.0_0.2,minimal,10,minimal_NonDemented1.0_0.0__VeryMildDemented1.0_0.0__MildDemented1.0_0.0__ModerateDemented1.0_0.2
165,0,0.8060469541698694,0.9447835287852594,0.62265625,0.5559454191033139,NonDemented1.0_0.0__VeryMildDemented1.0_0.0__MildDemented1.0_0.0__ModerateDemented1.0_0.2,minimal,11,minimal_NonDemented1.0_0.0__VeryMildDemented1.0_0.0__MildDemented1.0_0.0__ModerateDemented1.0_0.2
166,1,0.4570266416296363,0.5520957873113903,0.8265625,0.7662768031189083,NonDemented1.0_0.0__VeryMildDemented1.0_0.0__MildDemented1.0_0.0__ModerateDemented1.0_0.2,minimal,11,minimal_NonDemented1.0_0.0__VeryMildDemented1.0_0.0__MildDemented1.0_0.0__ModerateDemented1.0_0.2
167,2,0.18130897992523387,0.1633153141619634,0.93359375,0.939766081871345,NonDemented1.0_0.0__VeryMildDemented1.0_0.0__MildDemented1.0_0.0__ModerateDemented1.0_0.2,minimal,11,minimal_NonDemented1.0_0.0__VeryMildDemented1.0_0.0__MildDemented1.0_0.0__ModerateDemented1.0_0.2
168,3,0.13670571050606667,0.07131022783976636,0.9515625,0.9750487329434698,NonDemented1.0_0.0__VeryMildDemented1.0_0.0__MildDemented1.0_0.0__ModerateDemented1.0_0.2,minimal,11,minimal_NonDemented1.0_0.0__VeryMildDemented1.0_0.0__MildDemented1.0_0.0__ModerateDemented1.0_0.2
169,4,0.13474050233198795,0.024520807854330157,0.9546875,0.9929824561403509,NonDemented1.0_0.0__VeryMildDemented1.0_0.0__MildDemented1.0_0.0__ModerateDemented1.0_0.2,minimal,11,minimal_NonDemented1.0_0.0__VeryMildDemented1.0_0.0__MildDemented1.0_0.0__ModerateDemented1.0_0.2
170,5,0.13737462876670178,0.0194194928699488,0.96171875,0.99317738791423,NonDemented1.0_0.0__VeryMildDemented1.0_0.0__MildDemented1.0_0.0__ModerateDemented1.0_0.2,minimal,11,minimal_NonDemented1.0_0.0__VeryMildDemented1.0_0.0__MildDemented1.0_0.0__ModerateDemented1.0_0.2
171,6,0.08738959476577293,0.025708882249226853,0.97109375,0.9923976608187135,NonDemented1.0_0.0__VeryMildDemented1.0_0.0__MildDemented1.0_0.0__ModerateDemented1.0_0.2,minimal,11,minimal_NonDemented1.0_0.0__VeryMildDemented1.0_0.0__MildDemented1.0_0.0__ModerateDemented1.0_0.2
172,7,0.17642120803011493,0.01614719522892512,0.9515625,0.9929824561403509,NonDemented1.0_0.0__VeryMildDemented1.0_0.0__MildDemented1.0_0.0__ModerateDemented1.0_0.2,minimal,11,minimal_NonDemented1.0_0.0__VeryMildDemented1.0_0.0__MildDemented1.0_0.0__ModerateDemented1.0_0.2
173,8,0.15580681374581218,0.026559112166743507,0.96484375,0.9906432748538012,NonDemented1.0_0.0__VeryMildDemented1.0_0.0__MildDemented1.0_0.0__ModerateDemented1.0_0.2,minimal,11,minimal_NonDemented1.0_0.0__VeryMildDemented1.0_0.0__MildDemented1.0_0.0__ModerateDemented1.0_0.2
174,9,0.19827130562553066,0.004933057286982173,0.95,0.998635477582846,NonDemented1.0_0.0__VeryMildDemented1.0_0.0__MildDemented1.0_0.0__ModerateDemented1.0_0.2,minimal,11,minimal_NonDemented1.0_0.0__VeryMildDemented1.0_0.0__MildDemented1.0_0.0__ModerateDemented1.0_0.2
175,10,0.20802371174559084,0.016833807638239072,0.9453125,0.9939571150097466,NonDemented1.0_0.0__VeryMildDemented1.0_0.0__MildDemented1.0_0.0__ModerateDemented1.0_0.2,minimal,11,minimal_NonDemented1.0_0.0__VeryMildDemented1.0_0.0__MildDemented1.0_0.0__ModerateDemented1.0_0.2
176,11,0.35891459345848487,0.018647234783466807,0.93984375,0.9941520467836257,NonDemented1.0_0.0__VeryMildDemented1.0_0.0__MildDemented1.0_0.0__ModerateDemented1.0_0.2,minimal,11,minimal_NonDemented1.0_0.0__VeryMildDemented1.0_0.0__MildDemented1.0_0.0__ModerateDemented1.0_0.2
177,12,0.1446006780501193,0.03944090085473891,0.95859375,0.9898635477582846,NonDemented1.0_0.0__VeryMildDemented1.0_0.0__MildDemented1.0_0.0__ModerateDemented1.0_0.2,minimal,11,minimal_NonDemented1.0_0.0__VeryMildDemented1.0_0.0__MildDemented1.0_0.0__ModerateDemented1.0_0.2
178,13,0.1255661613027769,0.007718125207282189,0.965625,0.9970760233918129,NonDemented1.0_0.0__VeryMildDemented1.0_0.0__MildDemented1.0_0.0__ModerateDemented1.0_0.2,minimal,11,minimal_NonDemented1.0_0.0__VeryMildDemented1.0_0.0__MildDemented1.0_0.0__ModerateDemented1.0_0.2
179,14,0.12985205078829268,0.013615349654377298,0.971875,0.9955165692007797,NonDemented1.0_0.0__VeryMildDemented1.0_0.0__MildDemented1.0_0.0__ModerateDemented1.0_0.2,minimal,11,minimal_NonDemented1.0_0.0__VeryMildDemented1.0_0.0__MildDemented1.0_0.0__ModerateDemented1.0_0.2
180,0,0.9012520708143711,0.865270289923945,0.6125,0.5939571150097466,NonDemented1.0_0.0__VeryMildDemented1.0_0.0__MildDemented1.0_0.0__ModerateDemented1.0_0.2,minimal,12,minimal_NonDemented1.0_0.0__VeryMildDemented1.0_0.0__MildDemented1.0_0.0__ModerateDemented1.0_0.2
181,1,0.29587267637252807,0.38335228270141236,0.8859375,0.8477582846003898,NonDemented1.0_0.0__VeryMildDemented1.0_0.0__MildDemented1.0_0.0__ModerateDemented1.0_0.2,minimal,12,minimal_NonDemented1.0_0.0__VeryMildDemented1.0_0.0__MildDemented1.0_0.0__ModerateDemented1.0_0.2
182,2,0.17469736081548035,0.11695609865510441,0.9390625,0.9571150097465887,NonDemented1.0_0.0__VeryMildDemented1.0_0.0__MildDemented1.0_0.0__ModerateDemented1.0_0.2,minimal,12,minimal_NonDemented1.0_0.0__VeryMildDemented1.0_0.0__MildDemented1.0_0.0__ModerateDemented1.0_0.2
183,3,0.14083682244236115,0.03321593724727653,0.9609375,0.9896686159844055,NonDemented1.0_0.0__VeryMildDemented1.0_0.0__MildDemented1.0_0.0__ModerateDemented1.0_0.2,minimal,12,minimal_NonDemented1.0_0.0__VeryMildDemented1.0_0.0__MildDemented1.0_0.0__ModerateDemented1.0_0.2
184,4,0.09327648891194258,0.035964727769928054,0.96875,0.98635477582846,NonDemented1.0_0.0__VeryMildDemented1.0_0.0__MildDemented1.0_0.0__ModerateDemented1.0_0.2,minimal,12,minimal_NonDemented1.0_0.0__VeryMildDemented1.0_0.0__MildDemented1.0_0.0__ModerateDemented1.0_0.2
185,5,0.18761767281685024,0.019413030617434684,0.940625,0.9939571150097466,NonDemented1.0_0.0__VeryMildDemented1.0_0.0__MildDemented1.0_0.0__ModerateDemented1.0_0.2,minimal,12,minimal_NonDemented1.0_0.0__VeryMildDemented1.0_0.0__MildDemented1.0_0.0__ModerateDemented1.0_0.2
186,6,0.14299362062520232,0.015697168781919964,0.96953125,0.9945419103313841,NonDemented1.0_0.0__VeryMildDemented1.0_0.0__MildDemented1.0_0.0__ModerateDemented1.0_0.2,minimal,12,minimal_NonDemented1.0_0.0__VeryMildDemented1.0_0.0__MildDemented1.0_0.0__ModerateDemented1.0_0.2
187,7,0.1351691048243083,0.02817213141300841,0.96171875,0.9910331384015595,NonDemented1.0_0.0__VeryMildDemented1.0_0.0__MildDemented1.0_0.0__ModerateDemented1.0_0.2,minimal,12,minimal_NonDemented1.0_0.0__VeryMildDemented1.0_0.0__MildDemented1.0_0.0__ModerateDemented1.0_0.2
188,8,0.18063302485388705,0.03842520326651455,0.95234375,0.9857699805068226,NonDemented1.0_0.0__VeryMildDemented1.0_0.0__MildDemented1.0_0.0__ModerateDemented1.0_0.2,minimal,12,minimal_NonDemented1.0_0.0__VeryMildDemented1.0_0.0__MildDemented1.0_0.0__ModerateDemented1.0_0.2
189,9,0.11567673935860512,0.011961611970005554,0.975,0.9957115009746589,NonDemented1.0_0.0__VeryMildDemented1.0_0.0__MildDemented1.0_0.0__ModerateDemented1.0_0.2,minimal,12,minimal_NonDemented1.0_0.0__VeryMildDemented1.0_0.0__MildDemented1.0_0.0__ModerateDemented1.0_0.2
190,10,0.11962973388006617,0.00045036450903590964,0.978125,1.0,NonDemented1.0_0.0__VeryMildDemented1.0_0.0__MildDemented1.0_0.0__ModerateDemented1.0_0.2,minimal,12,minimal_NonDemented1.0_0.0__VeryMildDemented1.0_0.0__MildDemented1.0_0.0__ModerateDemented1.0_0.2
191,11,0.12372418448688904,0.00010142529391145019,0.978125,1.0,NonDemented1.0_0.0__VeryMildDemented1.0_0.0__MildDemented1.0_0.0__ModerateDemented1.0_0.2,minimal,12,minimal_NonDemented1.0_0.0__VeryMildDemented1.0_0.0__MildDemented1.0_0.0__ModerateDemented1.0_0.2
192,12,0.11809495258174821,5.133205670442434e-05,0.97890625,1.0,NonDemented1.0_0.0__VeryMildDemented1.0_0.0__MildDemented1.0_0.0__ModerateDemented1.0_0.2,minimal,12,minimal_NonDemented1.0_0.0__VeryMildDemented1.0_0.0__MildDemented1.0_0.0__ModerateDemented1.0_0.2
193,13,0.12022490588934573,3.560035713144848e-05,0.97890625,1.0,NonDemented1.0_0.0__VeryMildDemented1.0_0.0__MildDemented1.0_0.0__ModerateDemented1.0_0.2,minimal,12,minimal_NonDemented1.0_0.0__VeryMildDemented1.0_0.0__MildDemented1.0_0.0__ModerateDemented1.0_0.2
194,14,0.12181828664804613,2.6428167466531848e-05,0.97890625,1.0,NonDemented1.0_0.0__VeryMildDemented1.0_0.0__MildDemented1.0_0.0__ModerateDemented1.0_0.2,minimal,12,minimal_NonDemented1.0_0.0__VeryMildDemented1.0_0.0__MildDemented1.0_0.0__ModerateDemented1.0_0.2
195,0,0.7561057507991791,0.92595763866432,0.66015625,0.5510721247563353,NonDemented1.0_0.0__VeryMildDemented1.0_0.0__MildDemented1.0_0.0__ModerateDemented1.0_0.2,minimal,13,minimal_NonDemented1.0_0.0__VeryMildDemented1.0_0.0__MildDemented1.0_0.0__ModerateDemented1.0_0.2
196,1,0.3263238472864032,0.4639744395168669,0.871875,0.8087719298245614,NonDemented1.0_0.0__VeryMildDemented1.0_0.0__MildDemented1.0_0.0__ModerateDemented1.0_0.2,minimal,13,minimal_NonDemented1.0_0.0__VeryMildDemented1.0_0.0__MildDemented1.0_0.0__ModerateDemented1.0_0.2
197,2,0.2452386237680912,0.1461258502324887,0.9078125,0.9450292397660819,NonDemented1.0_0.0__VeryMildDemented1.0_0.0__MildDemented1.0_0.0__ModerateDemented1.0_0.2,minimal,13,minimal_NonDemented1.0_0.0__VeryMildDemented1.0_0.0__MildDemented1.0_0.0__ModerateDemented1.0_0.2
198,3,0.1336580062052235,0.057144842784466916,0.95625,0.9805068226120858,NonDemented1.0_0.0__VeryMildDemented1.0_0.0__MildDemented1.0_0.0__ModerateDemented1.0_0.2,minimal,13,minimal_NonDemented1.0_0.0__VeryMildDemented1.0_0.0__MildDemented1.0_0.0__ModerateDemented1.0_0.2
199,4,0.2517337778626825,0.022280071354239678,0.91953125,0.9929824561403509,NonDemented1.0_0.0__VeryMildDemented1.0_0.0__MildDemented1.0_0.0__ModerateDemented1.0_0.2,minimal,13,minimal_NonDemented1.0_0.0__VeryMildDemented1.0_0.0__MildDemented1.0_0.0__ModerateDemented1.0_0.2
200,5,0.10617532418441442,0.013966244705922068,0.97890625,0.9964912280701754,NonDemented1.0_0.0__VeryMildDemented1.0_0.0__MildDemented1.0_0.0__ModerateDemented1.0_0.2,minimal,13,minimal_NonDemented1.0_0.0__VeryMildDemented1.0_0.0__MildDemented1.0_0.0__ModerateDemented1.0_0.2
201,6,0.10103095570846107,0.0005736499084920516,0.9765625,1.0,NonDemented1.0_0.0__VeryMildDemented1.0_0.0__MildDemented1.0_0.0__ModerateDemented1.0_0.2,minimal,13,minimal_NonDemented1.0_0.0__VeryMildDemented1.0_0.0__MildDemented1.0_0.0__ModerateDemented1.0_0.2
202,7,0.10376951463206296,0.0001524327022422003,0.9765625,1.0,NonDemented1.0_0.0__VeryMildDemented1.0_0.0__MildDemented1.0_0.0__ModerateDemented1.0_0.2,minimal,13,minimal_NonDemented1.0_0.0__VeryMildDemented1.0_0.0__MildDemented1.0_0.0__ModerateDemented1.0_0.2
203,8,0.10619517911405865,8.674051228883283e-05,0.9765625,1.0,NonDemented1.0_0.0__VeryMildDemented1.0_0.0__MildDemented1.0_0.0__ModerateDemented1.0_0.2,minimal,13,minimal_NonDemented1.0_0.0__VeryMildDemented1.0_0.0__MildDemented1.0_0.0__ModerateDemented1.0_0.2
204,9,0.11049464817422176,6.100722950824052e-05,0.9765625,1.0,NonDemented1.0_0.0__VeryMildDemented1.0_0.0__MildDemented1.0_0.0__ModerateDemented1.0_0.2,minimal,13,minimal_NonDemented1.0_0.0__VeryMildDemented1.0_0.0__MildDemented1.0_0.0__ModerateDemented1.0_0.2
205,10,0.1127448654307841,4.5000494195027765e-05,0.97734375,1.0,NonDemented1.0_0.0__VeryMildDemented1.0_0.0__MildDemented1.0_0.0__ModerateDemented1.0_0.2,minimal,13,minimal_NonDemented1.0_0.0__VeryMildDemented1.0_0.0__MildDemented1.0_0.0__ModerateDemented1.0_0.2
206,11,0.11318892301824235,3.489432504583105e-05,0.978125,1.0,NonDemented1.0_0.0__VeryMildDemented1.0_0.0__MildDemented1.0_0.0__ModerateDemented1.0_0.2,minimal,13,minimal_NonDemented1.0_0.0__VeryMildDemented1.0_0.0__MildDemented1.0_0.0__ModerateDemented1.0_0.2
207,12,0.11589028673965913,2.7253083694285926e-05,0.97734375,1.0,NonDemented1.0_0.0__VeryMildDemented1.0_0.0__MildDemented1.0_0.0__ModerateDemented1.0_0.2,minimal,13,minimal_NonDemented1.0_0.0__VeryMildDemented1.0_0.0__MildDemented1.0_0.0__ModerateDemented1.0_0.2
208,13,0.11984405589358857,2.164996920921044e-05,0.97578125,1.0,NonDemented1.0_0.0__VeryMildDemented1.0_0.0__MildDemented1.0_0.0__ModerateDemented1.0_0.2,minimal,13,minimal_NonDemented1.0_0.0__VeryMildDemented1.0_0.0__MildDemented1.0_0.0__ModerateDemented1.0_0.2
209,14,0.12020429186798083,1.7399351412683106e-05,0.978125,1.0,NonDemented1.0_0.0__VeryMildDemented1.0_0.0__MildDemented1.0_0.0__ModerateDemented1.0_0.2,minimal,13,minimal_NonDemented1.0_0.0__VeryMildDemented1.0_0.0__MildDemented1.0_0.0__ModerateDemented1.0_0.2
210,0,0.8191622059792281,0.9595707146512602,0.60625,0.5362573099415204,NonDemented1.0_0.0__VeryMildDemented1.0_0.0__MildDemented1.0_0.0__ModerateDemented1.0_0.2,minimal,14,minimal_NonDemented1.0_0.0__VeryMildDemented1.0_0.0__MildDemented1.0_0.0__ModerateDemented1.0_0.2
211,1,0.45282253716140985,0.6490181448631585,0.828125,0.7095516569200779,NonDemented1.0_0.0__VeryMildDemented1.0_0.0__MildDemented1.0_0.0__ModerateDemented1.0_0.2,minimal,14,minimal_NonDemented1.0_0.0__VeryMildDemented1.0_0.0__MildDemented1.0_0.0__ModerateDemented1.0_0.2
212,2,0.3225639725103974,0.22518756898523073,0.8703125,0.9140350877192982,NonDemented1.0_0.0__VeryMildDemented1.0_0.0__MildDemented1.0_0.0__ModerateDemented1.0_0.2,minimal,14,minimal_NonDemented1.0_0.0__VeryMildDemented1.0_0.0__MildDemented1.0_0.0__ModerateDemented1.0_0.2
213,3,0.14762008288525977,0.07315393252076752,0.95546875,0.9760233918128655,NonDemented1.0_0.0__VeryMildDemented1.0_0.0__MildDemented1.0_0.0__ModerateDemented1.0_0.2,minimal,14,minimal_NonDemented1.0_0.0__VeryMildDemented1.0_0.0__MildDemented1.0_0.0__ModerateDemented1.0_0.2
214,4,0.15558611609958461,0.03241315742575184,0.95390625,0.9888888888888889,NonDemented1.0_0.0__VeryMildDemented1.0_0.0__MildDemented1.0_0.0__ModerateDemented1.0_0.2,minimal,14,minimal_NonDemented1.0_0.0__VeryMildDemented1.0_0.0__MildDemented1.0_0.0__ModerateDemented1.0_0.2
215,5,0.14166404692805373,0.03225315815821784,0.95234375,0.9881091617933723,NonDemented1.0_0.0__VeryMildDemented1.0_0.0__MildDemented1.0_0.0__ModerateDemented1.0_0.2,minimal,14,minimal_NonDemented1.0_0.0__VeryMildDemented1.0_0.0__MildDemented1.0_0.0__ModerateDemented1.0_0.2
216,6,0.16581560023096245,0.015396441477868292,0.965625,0.9945419103313841,NonDemented1.0_0.0__VeryMildDemented1.0_0.0__MildDemented1.0_0.0__ModerateDemented1.0_0.2,minimal,14,minimal_NonDemented1.0_0.0__VeryMildDemented1.0_0.0__MildDemented1.0_0.0__ModerateDemented1.0_0.2
217,7,0.13546105468230962,0.018096468869552924,0.9703125,0.9933723196881091,NonDemented1.0_0.0__VeryMildDemented1.0_0.0__MildDemented1.0_0.0__ModerateDemented1.0_0.2,minimal,14,minimal_NonDemented1.0_0.0__VeryMildDemented1.0_0.0__MildDemented1.0_0.0__ModerateDemented1.0_0.2
218,8,0.11303061198495926,0.008934725236028744,0.97265625,0.997270955165692,NonDemented1.0_0.0__VeryMildDemented1.0_0.0__MildDemented1.0_0.0__ModerateDemented1.0_0.2,minimal,14,minimal_NonDemented1.0_0.0__VeryMildDemented1.0_0.0__MildDemented1.0_0.0__ModerateDemented1.0_0.2
219,9,0.11880057759062765,0.028556673398070522,0.96953125,0.9898635477582846,NonDemented1.0_0.0__VeryMildDemented1.0_0.0__MildDemented1.0_0.0__ModerateDemented1.0_0.2,minimal,14,minimal_NonDemented1.0_0.0__VeryMildDemented1.0_0.0__MildDemented1.0_0.0__ModerateDemented1.0_0.2
220,10,0.155233225277334,0.014210323891283618,0.94609375,0.9955165692007797,NonDemented1.0_0.0__VeryMildDemented1.0_0.0__MildDemented1.0_0.0__ModerateDemented1.0_0.2,minimal,14,minimal_NonDemented1.0_0.0__VeryMildDemented1.0_0.0__MildDemented1.0_0.0__ModerateDemented1.0_0.2
221,11,0.17137115872083086,0.010122163823337593,0.95703125,0.9962962962962963,NonDemented1.0_0.0__VeryMildDemented1.0_0.0__MildDemented1.0_0.0__ModerateDemented1.0_0.2,minimal,14,minimal_NonDemented1.0_0.0__VeryMildDemented1.0_0.0__MildDemented1.0_0.0__ModerateDemented1.0_0.2
222,12,0.1851481301477179,0.017080878912632127,0.9546875,0.9953216374269006,NonDemented1.0_0.0__VeryMildDemented1.0_0.0__MildDemented1.0_0.0__ModerateDemented1.0_0.2,minimal,14,minimal_NonDemented1.0_0.0__VeryMildDemented1.0_0.0__MildDemented1.0_0.0__ModerateDemented1.0_0.2
223,13,0.16832265114389883,0.01553211810103775,0.96328125,0.99317738791423,NonDemented1.0_0.0__VeryMildDemented1.0_0.0__MildDemented1.0_0.0__ModerateDemented1.0_0.2,minimal,14,minimal_NonDemented1.0_0.0__VeryMildDemented1.0_0.0__MildDemented1.0_0.0__ModerateDemented1.0_0.2
224,14,0.1394841786546749,0.03376936546667291,0.96015625,0.9892787524366472,NonDemented1.0_0.0__VeryMildDemented1.0_0.0__MildDemented1.0_0.0__ModerateDemented1.0_0.2,minimal,14,minimal_NonDemented1.0_0.0__VeryMildDemented1.0_0.0__MildDemented1.0_0.0__ModerateDemented1.0_0.2
225,0,0.8116518586874009,0.9236031673340305,0.621875,0.5518518518518518,NonDemented1.0_0.0__VeryMildDemented1.0_0.0__MildDemented1.0_0.0__ModerateDemented1.0_0.2,minimal,15,minimal_NonDemented1.0_0.0__VeryMildDemented1.0_0.0__MildDemented1.0_0.0__ModerateDemented1.0_0.2
226,1,0.35199014404788614,0.5083183239891282,0.86953125,0.7896686159844054,NonDemented1.0_0.0__VeryMildDemented1.0_0.0__MildDemented1.0_0.0__ModerateDemented1.0_0.2,minimal,15,minimal_NonDemented1.0_0.0__VeryMildDemented1.0_0.0__MildDemented1.0_0.0__ModerateDemented1.0_0.2
227,2,0.2531131357187405,0.17671350594936755,0.91640625,0.9323586744639376,NonDemented1.0_0.0__VeryMildDemented1.0_0.0__MildDemented1.0_0.0__ModerateDemented1.0_0.2,minimal,15,minimal_NonDemented1.0_0.0__VeryMildDemented1.0_0.0__MildDemented1.0_0.0__ModerateDemented1.0_0.2
228,3,0.1508481449156534,0.07242115799221437,0.95390625,0.9725146198830409,NonDemented1.0_0.0__VeryMildDemented1.0_0.0__MildDemented1.0_0.0__ModerateDemented1.0_0.2,minimal,15,minimal_NonDemented1.0_0.0__VeryMildDemented1.0_0.0__MildDemented1.0_0.0__ModerateDemented1.0_0.2
229,4,0.22030879038502463,0.04279048369650967,0.928125,0.9851851851851852,NonDemented1.0_0.0__VeryMildDemented1.0_0.0__MildDemented1.0_0.0__ModerateDemented1.0_0.2,minimal,15,minimal_NonDemented1.0_0.0__VeryMildDemented1.0_0.0__MildDemented1.0_0.0__ModerateDemented1.0_0.2
230,5,0.1271204510005191,0.040256945453230185,0.95859375,0.9875243664717349,NonDemented1.0_0.0__VeryMildDemented1.0_0.0__MildDemented1.0_0.0__ModerateDemented1.0_0.2,minimal,15,minimal_NonDemented1.0_0.0__VeryMildDemented1.0_0.0__MildDemented1.0_0.0__ModerateDemented1.0_0.2
231,6,0.24375036911824283,0.009018760120372931,0.95,0.997270955165692,NonDemented1.0_0.0__VeryMildDemented1.0_0.0__MildDemented1.0_0.0__ModerateDemented1.0_0.2,minimal,15,minimal_NonDemented1.0_0.0__VeryMildDemented1.0_0.0__MildDemented1.0_0.0__ModerateDemented1.0_0.2
232,7,0.30482890260173007,0.014365236995731286,0.89921875,0.9962962962962963,NonDemented1.0_0.0__VeryMildDemented1.0_0.0__MildDemented1.0_0.0__ModerateDemented1.0_0.2,minimal,15,minimal_NonDemented1.0_0.0__VeryMildDemented1.0_0.0__MildDemented1.0_0.0__ModerateDemented1.0_0.2
233,8,0.29508827009558447,0.05785760731074585,0.92265625,0.979337231968811,NonDemented1.0_0.0__VeryMildDemented1.0_0.0__MildDemented1.0_0.0__ModerateDemented1.0_0.2,minimal,15,minimal_NonDemented1.0_0.0__VeryMildDemented1.0_0.0__MildDemented1.0_0.0__ModerateDemented1.0_0.2
234,9,0.3535394053447817,0.034199806145375565,0.8953125,0.9869395711500974,NonDemented1.0_0.0__VeryMildDemented1.0_0.0__MildDemented1.0_0.0__ModerateDemented1.0_0.2,minimal,15,minimal_NonDemented1.0_0.0__VeryMildDemented1.0_0.0__MildDemented1.0_0.0__ModerateDemented1.0_0.2
235,10,0.09364412253235059,0.013900573614372011,0.97578125,0.9955165692007797,NonDemented1.0_0.0__VeryMildDemented1.0_0.0__MildDemented1.0_0.0__ModerateDemented1.0_0.2,minimal,15,minimal_NonDemented1.0_0.0__VeryMildDemented1.0_0.0__MildDemented1.0_0.0__ModerateDemented1.0_0.2
236,11,0.08418001834862707,0.0002707989236169332,0.978125,1.0,NonDemented1.0_0.0__VeryMildDemented1.0_0.0__MildDemented1.0_0.0__ModerateDemented1.0_0.2,minimal,15,minimal_NonDemented1.0_0.0__VeryMildDemented1.0_0.0__MildDemented1.0_0.0__ModerateDemented1.0_0.2
237,12,0.08856422981871219,6.030310523889929e-05,0.97734375,1.0,NonDemented1.0_0.0__VeryMildDemented1.0_0.0__MildDemented1.0_0.0__ModerateDemented1.0_0.2,minimal,15,minimal_NonDemented1.0_0.0__VeryMildDemented1.0_0.0__MildDemented1.0_0.0__ModerateDemented1.0_0.2
238,13,0.0895415186755372,3.5099433707869996e-05,0.97890625,1.0,NonDemented1.0_0.0__VeryMildDemented1.0_0.0__MildDemented1.0_0.0__ModerateDemented1.0_0.2,minimal,15,minimal_NonDemented1.0_0.0__VeryMildDemented1.0_0.0__MildDemented1.0_0.0__ModerateDemented1.0_0.2
239,14,0.09167351930554872,2.3558958284414007e-05,0.97734375,1.0,NonDemented1.0_0.0__VeryMildDemented1.0_0.0__MildDemented1.0_0.0__ModerateDemented1.0_0.2,minimal,15,minimal_NonDemented1.0_0.0__VeryMildDemented1.0_0.0__MildDemented1.0_0.0__ModerateDemented1.0_0.2
240,0,0.7538030859082937,0.9319615987076861,0.65625,0.5481481481481482,NonDemented1.0_0.0__VeryMildDemented1.0_0.0__MildDemented1.0_0.0__ModerateDemented1.0_0.2,minimal,16,minimal_NonDemented1.0_0.0__VeryMildDemented1.0_0.0__MildDemented1.0_0.0__ModerateDemented1.0_0.2
241,1,0.3522239704616368,0.5059594291111646,0.86484375,0.7871345029239766,NonDemented1.0_0.0__VeryMildDemented1.0_0.0__MildDemented1.0_0.0__ModerateDemented1.0_0.2,minimal,16,minimal_NonDemented1.0_0.0__VeryMildDemented1.0_0.0__MildDemented1.0_0.0__ModerateDemented1.0_0.2
242,2,0.20626255397801288,0.12978719903508357,0.928125,0.9522417153996101,NonDemented1.0_0.0__VeryMildDemented1.0_0.0__MildDemented1.0_0.0__ModerateDemented1.0_0.2,minimal,16,minimal_NonDemented1.0_0.0__VeryMildDemented1.0_0.0__MildDemented1.0_0.0__ModerateDemented1.0_0.2
243,3,0.2234086576325353,0.06390792443616712,0.925,0.9769980506822612,NonDemented1.0_0.0__VeryMildDemented1.0_0.0__MildDemented1.0_0.0__ModerateDemented1.0_0.2,minimal,16,minimal_NonDemented1.0_0.0__VeryMildDemented1.0_0.0__MildDemented1.0_0.0__ModerateDemented1.0_0.2
244,4,0.23015642292593838,0.02679589419463671,0.93671875,0.9914230019493178,NonDemented1.0_0.0__VeryMildDemented1.0_0.0__MildDemented1.0_0.0__ModerateDemented1.0_0.2,minimal,16,minimal_NonDemented1.0_0.0__VeryMildDemented1.0_0.0__MildDemented1.0_0.0__ModerateDemented1.0_0.2
245,5,0.11258378067834655,0.003803457314528427,0.971875,0.9992202729044835,NonDemented1.0_0.0__VeryMildDemented1.0_0.0__MildDemented1.0_0.0__ModerateDemented1.0_0.2,minimal,16,minimal_NonDemented1.0_0.0__VeryMildDemented1.0_0.0__MildDemented1.0_0.0__ModerateDemented1.0_0.2
246,6,0.2543349658488296,0.0426750008929,0.9171875,0.9844054580896686,NonDemented1.0_0.0__VeryMildDemented1.0_0.0__MildDemented1.0_0.0__ModerateDemented1.0_0.2,minimal,16,minimal_NonDemented1.0_0.0__VeryMildDemented1.0_0.0__MildDemented1.0_0.0__ModerateDemented1.0_0.2
247,7,0.18001568988693178,0.0398949612176103,0.94609375,0.9846003898635478,NonDemented1.0_0.0__VeryMildDemented1.0_0.0__MildDemented1.0_0.0__ModerateDemented1.0_0.2,minimal,16,minimal_NonDemented1.0_0.0__VeryMildDemented1.0_0.0__MildDemented1.0_0.0__ModerateDemented1.0_0.2
248,8,0.29239206653601285,0.009015561755872323,0.93125,0.9966861598440546,NonDemented1.0_0.0__VeryMildDemented1.0_0.0__MildDemented1.0_0.0__ModerateDemented1.0_0.2,minimal,16,minimal_NonDemented1.0_0.0__VeryMildDemented1.0_0.0__MildDemented1.0_0.0__ModerateDemented1.0_0.2
249,9,0.27133390505678107,0.015890064477426618,0.93515625,0.9939571150097466,NonDemented1.0_0.0__VeryMildDemented1.0_0.0__MildDemented1.0_0.0__ModerateDemented1.0_0.2,minimal,16,minimal_NonDemented1.0_0.0__VeryMildDemented1.0_0.0__MildDemented1.0_0.0__ModerateDemented1.0_0.2
250,10,0.07197791144176335,0.009788179429184491,0.984375,0.9976608187134502,NonDemented1.0_0.0__VeryMildDemented1.0_0.0__MildDemented1.0_0.0__ModerateDemented1.0_0.2,minimal,16,minimal_NonDemented1.0_0.0__VeryMildDemented1.0_0.0__MildDemented1.0_0.0__ModerateDemented1.0_0.2
251,11,0.06933962482005426,0.0001759410806762549,0.98671875,1.0,NonDemented1.0_0.0__VeryMildDemented1.0_0.0__MildDemented1.0_0.0__ModerateDemented1.0_0.2,minimal,16,minimal_NonDemented1.0_0.0__VeryMildDemented1.0_0.0__MildDemented1.0_0.0__ModerateDemented1.0_0.2
252,12,0.07121951607148276,5.299519761639801e-05,0.98671875,1.0,NonDemented1.0_0.0__VeryMildDemented1.0_0.0__MildDemented1.0_0.0__ModerateDemented1.0_0.2,minimal,16,minimal_NonDemented1.0_0.0__VeryMildDemented1.0_0.0__MildDemented1.0_0.0__ModerateDemented1.0_0.2
253,13,0.07175381489731052,3.620857810604003e-05,0.9859375,1.0,NonDemented1.0_0.0__VeryMildDemented1.0_0.0__MildDemented1.0_0.0__ModerateDemented1.0_0.2,minimal,16,minimal_NonDemented1.0_0.0__VeryMildDemented1.0_0.0__MildDemented1.0_0.0__ModerateDemented1.0_0.2
254,14,0.07325806443432156,2.6630090309930145e-05,0.9859375,1.0,NonDemented1.0_0.0__VeryMildDemented1.0_0.0__MildDemented1.0_0.0__ModerateDemented1.0_0.2,minimal,16,minimal_NonDemented1.0_0.0__VeryMildDemented1.0_0.0__MildDemented1.0_0.0__ModerateDemented1.0_0.2
255,0,0.8453793626278638,0.9255038685965956,0.59921875,0.5545808966861598,NonDemented1.0_0.0__VeryMildDemented1.0_0.0__MildDemented1.0_0.0__ModerateDemented1.0_0.2,minimal,17,minimal_NonDemented1.0_0.0__VeryMildDemented1.0_0.0__MildDemented1.0_0.0__ModerateDemented1.0_0.2
256,1,0.5383220480754971,0.62459690043336,0.778125,0.7296296296296296,NonDemented1.0_0.0__VeryMildDemented1.0_0.0__MildDemented1.0_0.0__ModerateDemented1.0_0.2,minimal,17,minimal_NonDemented1.0_0.0__VeryMildDemented1.0_0.0__MildDemented1.0_0.0__ModerateDemented1.0_0.2
257,2,0.22350065410137177,0.23041818042596182,0.915625,0.9140350877192982,NonDemented1.0_0.0__VeryMildDemented1.0_0.0__MildDemented1.0_0.0__ModerateDemented1.0_0.2,minimal,17,minimal_NonDemented1.0_0.0__VeryMildDemented1.0_0.0__MildDemented1.0_0.0__ModerateDemented1.0_0.2
258,3,0.4306821231264621,0.07449533609386541,0.8859375,0.9740740740740741,NonDemented1.0_0.0__VeryMildDemented1.0_0.0__MildDemented1.0_0.0__ModerateDemented1.0_0.2,minimal,17,minimal_NonDemented1.0_0.0__VeryMildDemented1.0_0.0__MildDemented1.0_0.0__ModerateDemented1.0_0.2
259,4,0.10858868368231925,0.058037211766945776,0.95625,0.97953216374269,NonDemented1.0_0.0__VeryMildDemented1.0_0.0__MildDemented1.0_0.0__ModerateDemented1.0_0.2,minimal,17,minimal_NonDemented1.0_0.0__VeryMildDemented1.0_0.0__MildDemented1.0_0.0__ModerateDemented1.0_0.2
260,5,0.27591753110173156,0.03414292546169793,0.93046875,0.9865497076023392,NonDemented1.0_0.0__VeryMildDemented1.0_0.0__MildDemented1.0_0.0__ModerateDemented1.0_0.2,minimal,17,minimal_NonDemented1.0_0.0__VeryMildDemented1.0_0.0__MildDemented1.0_0.0__ModerateDemented1.0_0.2
261,6,0.11716794837120688,0.031603611058049035,0.9546875,0.989083820662768,NonDemented1.0_0.0__VeryMildDemented1.0_0.0__MildDemented1.0_0.0__ModerateDemented1.0_0.2,minimal,17,minimal_NonDemented1.0_0.0__VeryMildDemented1.0_0.0__MildDemented1.0_0.0__ModerateDemented1.0_0.2
262,7,0.1443610592319601,0.025016896869974995,0.959375,0.9912280701754386,NonDemented1.0_0.0__VeryMildDemented1.0_0.0__MildDemented1.0_0.0__ModerateDemented1.0_0.2,minimal,17,minimal_NonDemented1.0_0.0__VeryMildDemented1.0_0.0__MildDemented1.0_0.0__ModerateDemented1.0_0.2
263,8,0.1283123250112112,0.021765778393059838,0.965625,0.99317738791423,NonDemented1.0_0.0__VeryMildDemented1.0_0.0__MildDemented1.0_0.0__ModerateDemented1.0_0.2,minimal,17,minimal_NonDemented1.0_0.0__VeryMildDemented1.0_0.0__MildDemented1.0_0.0__ModerateDemented1.0_0.2
264,9,0.097271111086593,0.004437937121894809,0.9734375,0.9982456140350877,NonDemented1.0_0.0__VeryMildDemented1.0_0.0__MildDemented1.0_0.0__ModerateDemented1.0_0.2,minimal,17,minimal_NonDemented1.0_0.0__VeryMildDemented1.0_0.0__MildDemented1.0_0.0__ModerateDemented1.0_0.2
265,10,0.08957666904277631,0.0005711748707676944,0.97578125,1.0,NonDemented1.0_0.0__VeryMildDemented1.0_0.0__MildDemented1.0_0.0__ModerateDemented1.0_0.2,minimal,17,minimal_NonDemented1.0_0.0__VeryMildDemented1.0_0.0__MildDemented1.0_0.0__ModerateDemented1.0_0.2
266,11,0.09394081564903445,7.649105086181618e-05,0.975,1.0,NonDemented1.0_0.0__VeryMildDemented1.0_0.0__MildDemented1.0_0.0__ModerateDemented1.0_0.2,minimal,17,minimal_NonDemented1.0_0.0__VeryMildDemented1.0_0.0__MildDemented1.0_0.0__ModerateDemented1.0_0.2
267,12,0.0903159558449893,4.809760985105089e-05,0.975,1.0,NonDemented1.0_0.0__VeryMildDemented1.0_0.0__MildDemented1.0_0.0__ModerateDemented1.0_0.2,minimal,17,minimal_NonDemented1.0_0.0__VeryMildDemented1.0_0.0__MildDemented1.0_0.0__ModerateDemented1.0_0.2
268,13,0.0914592648201733,3.50732794628718e-05,0.975,1.0,NonDemented1.0_0.0__VeryMildDemented1.0_0.0__MildDemented1.0_0.0__ModerateDemented1.0_0.2,minimal,17,minimal_NonDemented1.0_0.0__VeryMildDemented1.0_0.0__MildDemented1.0_0.0__ModerateDemented1.0_0.2
269,14,0.09200388857443328,2.737489526642175e-05,0.975,1.0,NonDemented1.0_0.0__VeryMildDemented1.0_0.0__MildDemented1.0_0.0__ModerateDemented1.0_0.2,minimal,17,minimal_NonDemented1.0_0.0__VeryMildDemented1.0_0.0__MildDemented1.0_0.0__ModerateDemented1.0_0.2
270,0,0.9001915339380503,0.9818763071101079,0.58125,0.5239766081871345,NonDemented1.0_0.0__VeryMildDemented1.0_0.0__MildDemented1.0_0.0__ModerateDemented1.0_0.2,minimal,18,minimal_NonDemented1.0_0.0__VeryMildDemented1.0_0.0__MildDemented1.0_0.0__ModerateDemented1.0_0.2
271,1,0.5415435057133436,0.6482340018186885,0.76640625,0.7134502923976608,NonDemented1.0_0.0__VeryMildDemented1.0_0.0__MildDemented1.0_0.0__ModerateDemented1.0_0.2,minimal,18,minimal_NonDemented1.0_0.0__VeryMildDemented1.0_0.0__MildDemented1.0_0.0__ModerateDemented1.0_0.2
272,2,0.29084505278151485,0.25344842474246815,0.90234375,0.8992202729044835,NonDemented1.0_0.0__VeryMildDemented1.0_0.0__MildDemented1.0_0.0__ModerateDemented1.0_0.2,minimal,18,minimal_NonDemented1.0_0.0__VeryMildDemented1.0_0.0__MildDemented1.0_0.0__ModerateDemented1.0_0.2
273,3,0.1283929940604139,0.08606534768658423,0.9578125,0.969785575048733,NonDemented1.0_0.0__VeryMildDemented1.0_0.0__MildDemented1.0_0.0__ModerateDemented1.0_0.2,minimal,18,minimal_NonDemented1.0_0.0__VeryMildDemented1.0_0.0__MildDemented1.0_0.0__ModerateDemented1.0_0.2
274,4,0.09779437676770612,0.04292330066428373,0.96953125,0.9844054580896686,NonDemented1.0_0.0__VeryMildDemented1.0_0.0__MildDemented1.0_0.0__ModerateDemented1.0_0.2,minimal,18,minimal_NonDemented1.0_0.0__VeryMildDemented1.0_0.0__MildDemented1.0_0.0__ModerateDemented1.0_0.2
275,5,0.11969031316257314,0.0190015682499932,0.96640625,0.9945419103313841,NonDemented1.0_0.0__VeryMildDemented1.0_0.0__MildDemented1.0_0.0__ModerateDemented1.0_0.2,minimal,18,minimal_NonDemented1.0_0.0__VeryMildDemented1.0_0.0__MildDemented1.0_0.0__ModerateDemented1.0_0.2
276,6,0.13626522305089567,0.01629135880467432,0.96875,0.9941520467836257,NonDemented1.0_0.0__VeryMildDemented1.0_0.0__MildDemented1.0_0.0__ModerateDemented1.0_0.2,minimal,18,minimal_NonDemented1.0_0.0__VeryMildDemented1.0_0.0__MildDemented1.0_0.0__ModerateDemented1.0_0.2
277,7,0.15327330865620753,0.007097495855228226,0.96484375,0.9982456140350877,NonDemented1.0_0.0__VeryMildDemented1.0_0.0__MildDemented1.0_0.0__ModerateDemented1.0_0.2,minimal,18,minimal_NonDemented1.0_0.0__VeryMildDemented1.0_0.0__MildDemented1.0_0.0__ModerateDemented1.0_0.2
278,8,0.09694397339486613,0.0007800216241738839,0.98125,1.0,NonDemented1.0_0.0__VeryMildDemented1.0_0.0__MildDemented1.0_0.0__ModerateDemented1.0_0.2,minimal,18,minimal_NonDemented1.0_0.0__VeryMildDemented1.0_0.0__MildDemented1.0_0.0__ModerateDemented1.0_0.2
279,9,0.09593224764990964,0.00010829258575235797,0.9828125,1.0,NonDemented1.0_0.0__VeryMildDemented1.0_0.0__MildDemented1.0_0.0__ModerateDemented1.0_0.2,minimal,18,minimal_NonDemented1.0_0.0__VeryMildDemented1.0_0.0__MildDemented1.0_0.0__ModerateDemented1.0_0.2
280,10,0.09974234306298513,5.1808330485796725e-05,0.9828125,1.0,NonDemented1.0_0.0__VeryMildDemented1.0_0.0__MildDemented1.0_0.0__ModerateDemented1.0_0.2,minimal,18,minimal_NonDemented1.0_0.0__VeryMildDemented1.0_0.0__MildDemented1.0_0.0__ModerateDemented1.0_0.2
281,11,0.1001452672598532,3.577495381091068e-05,0.9828125,1.0,NonDemented1.0_0.0__VeryMildDemented1.0_0.0__MildDemented1.0_0.0__ModerateDemented1.0_0.2,minimal,18,minimal_NonDemented1.0_0.0__VeryMildDemented1.0_0.0__MildDemented1.0_0.0__ModerateDemented1.0_0.2
282,12,0.1026637365618825,2.619159676751809e-05,0.98359375,1.0,NonDemented1.0_0.0__VeryMildDemented1.0_0.0__MildDemented1.0_0.0__ModerateDemented1.0_0.2,minimal,18,minimal_NonDemented1.0_0.0__VeryMildDemented1.0_0.0__MildDemented1.0_0.0__ModerateDemented1.0_0.2
283,13,0.1020589560933928,2.0280681238565154e-05,0.98515625,1.0,NonDemented1.0_0.0__VeryMildDemented1.0_0.0__MildDemented1.0_0.0__ModerateDemented1.0_0.2,minimal,18,minimal_NonDemented1.0_0.0__VeryMildDemented1.0_0.0__MildDemented1.0_0.0__ModerateDemented1.0_0.2
284,14,0.10307770065805925,1.5535196610479626e-05,0.98515625,1.0,NonDemented1.0_0.0__VeryMildDemented1.0_0.0__MildDemented1.0_0.0__ModerateDemented1.0_0.2,minimal,18,minimal_NonDemented1.0_0.0__VeryMildDemented1.0_0.0__MildDemented1.0_0.0__ModerateDemented1.0_0.2
285,0,0.8052910748869181,0.957687580353103,0.61015625,0.5296296296296297,NonDemented1.0_0.0__VeryMildDemented1.0_0.0__MildDemented1.0_0.0__ModerateDemented1.0_0.2,minimal,19,minimal_NonDemented1.0_0.0__VeryMildDemented1.0_0.0__MildDemented1.0_0.0__ModerateDemented1.0_0.2
286,1,0.597925703600049,0.5956472579324454,0.7453125,0.735477582846004,NonDemented1.0_0.0__VeryMildDemented1.0_0.0__MildDemented1.0_0.0__ModerateDemented1.0_0.2,minimal,19,minimal_NonDemented1.0_0.0__VeryMildDemented1.0_0.0__MildDemented1.0_0.0__ModerateDemented1.0_0.2
287,2,0.21731743086129426,0.22934679534235428,0.9265625,0.910916179337232,NonDemented1.0_0.0__VeryMildDemented1.0_0.0__MildDemented1.0_0.0__ModerateDemented1.0_0.2,minimal,19,minimal_NonDemented1.0_0.0__VeryMildDemented1.0_0.0__MildDemented1.0_0.0__ModerateDemented1.0_0.2
288,3,0.1781866915349383,0.083502581925086,0.946875,0.9693957115009747,NonDemented1.0_0.0__VeryMildDemented1.0_0.0__MildDemented1.0_0.0__ModerateDemented1.0_0.2,minimal,19,minimal_NonDemented1.0_0.0__VeryMildDemented1.0_0.0__MildDemented1.0_0.0__ModerateDemented1.0_0.2
289,4,0.20324719987111167,0.018746714771599973,0.940625,0.9939571150097466,NonDemented1.0_0.0__VeryMildDemented1.0_0.0__MildDemented1.0_0.0__ModerateDemented1.0_0.2,minimal,19,minimal_NonDemented1.0_0.0__VeryMildDemented1.0_0.0__MildDemented1.0_0.0__ModerateDemented1.0_0.2
290,5,0.31841612558928317,0.017822972656233095,0.8984375,0.9945419103313841,NonDemented1.0_0.0__VeryMildDemented1.0_0.0__MildDemented1.0_0.0__ModerateDemented1.0_0.2,minimal,19,minimal_NonDemented1.0_0.0__VeryMildDemented1.0_0.0__MildDemented1.0_0.0__ModerateDemented1.0_0.2
291,6,0.1824971672918764,0.06797001705002076,0.94296875,0.9769980506822612,NonDemented1.0_0.0__VeryMildDemented1.0_0.0__MildDemented1.0_0.0__ModerateDemented1.0_0.2,minimal,19,minimal_NonDemented1.0_0.0__VeryMildDemented1.0_0.0__MildDemented1.0_0.0__ModerateDemented1.0_0.2
292,7,0.1211450249684276,0.012498023403003666,0.97109375,0.9964912280701754,NonDemented1.0_0.0__VeryMildDemented1.0_0.0__MildDemented1.0_0.0__ModerateDemented1.0_0.2,minimal,19,minimal_NonDemented1.0_0.0__VeryMildDemented1.0_0.0__MildDemented1.0_0.0__ModerateDemented1.0_0.2
293,8,0.12339028058131589,0.004753175811282927,0.97265625,0.9992202729044835,NonDemented1.0_0.0__VeryMildDemented1.0_0.0__MildDemented1.0_0.0__ModerateDemented1.0_0.2,minimal,19,minimal_NonDemented1.0_0.0__VeryMildDemented1.0_0.0__MildDemented1.0_0.0__ModerateDemented1.0_0.2
294,9,0.1214778618264063,0.0009061802457157147,0.971875,1.0,NonDemented1.0_0.0__VeryMildDemented1.0_0.0__MildDemented1.0_0.0__ModerateDemented1.0_0.2,minimal,19,minimal_NonDemented1.0_0.0__VeryMildDemented1.0_0.0__MildDemented1.0_0.0__ModerateDemented1.0_0.2
295,10,0.12026454237659437,0.0001134642874398086,0.9765625,1.0,NonDemented1.0_0.0__VeryMildDemented1.0_0.0__MildDemented1.0_0.0__ModerateDemented1.0_0.2,minimal,19,minimal_NonDemented1.0_0.0__VeryMildDemented1.0_0.0__MildDemented1.0_0.0__ModerateDemented1.0_0.2
296,11,0.12077102184032924,5.9986477210567664e-05,0.978125,1.0,NonDemented1.0_0.0__VeryMildDemented1.0_0.0__MildDemented1.0_0.0__ModerateDemented1.0_0.2,minimal,19,minimal_NonDemented1.0_0.0__VeryMildDemented1.0_0.0__MildDemented1.0_0.0__ModerateDemented1.0_0.2
297,12,0.1240201725784118,4.192677839228497e-05,0.97734375,1.0,NonDemented1.0_0.0__VeryMildDemented1.0_0.0__MildDemented1.0_0.0__ModerateDemented1.0_0.2,minimal,19,minimal_NonDemented1.0_0.0__VeryMildDemented1.0_0.0__MildDemented1.0_0.0__ModerateDemented1.0_0.2
298,13,0.1255648494222669,3.176409646446658e-05,0.97734375,1.0,NonDemented1.0_0.0__VeryMildDemented1.0_0.0__MildDemented1.0_0.0__ModerateDemented1.0_0.2,minimal,19,minimal_NonDemented1.0_0.0__VeryMildDemented1.0_0.0__MildDemented1.0_0.0__ModerateDemented1.0_0.2
299,14,0.1252552116475613,2.4833730799001755e-05,0.978125,1.0,NonDemented1.0_0.0__VeryMildDemented1.0_0.0__MildDemented1.0_0.0__ModerateDemented1.0_0.2,minimal,19,minimal_NonDemented1.0_0.0__VeryMildDemented1.0_0.0__MildDemented1.0_0.0__ModerateDemented1.0_0.2
